/leonardo/pub/userexternal/ggiulian/local/lib/python3.13/site-packages/dask/_task_spec.py:767: FutureWarning: Usage of 'use_cftime' as a kwarg is deprecated. Please pass a 'CFDatetimeCoder' instance initialized with 'use_cftime' to the 'decode_times' kwarg instead.
Example usage:
    time_coder = xr.coders.CFDatetimeCoder(use_cftime=True)
    ds = xr.open_dataset(decode_times=time_coder)

  return self.func(*new_argspec, **kwargs)
/leonardo/pub/userexternal/ggiulian/local/lib/python3.13/site-packages/dask/_task_spec.py:767: FutureWarning: Usage of 'use_cftime' as a kwarg is deprecated. Please pass a 'CFDatetimeCoder' instance initialized with 'use_cftime' to the 'decode_times' kwarg instead.
Example usage:
    time_coder = xr.coders.CFDatetimeCoder(use_cftime=True)
    ds = xr.open_dataset(decode_times=time_coder)

  return self.func(*new_argspec, **kwargs)
/leonardo/pub/userexternal/ggiulian/local/lib/python3.13/site-packages/dask/_task_spec.py:767: FutureWarning: Usage of 'use_cftime' as a kwarg is deprecated. Please pass a 'CFDatetimeCoder' instance initialized with 'use_cftime' to the 'decode_times' kwarg instead.
Example usage:
    time_coder = xr.coders.CFDatetimeCoder(use_cftime=True)
    ds = xr.open_dataset(decode_times=time_coder)

  return self.func(*new_argspec, **kwargs)
/leonardo/pub/userexternal/ggiulian/local/lib/python3.13/site-packages/dask/_task_spec.py:767: FutureWarning: Usage of 'use_cftime' as a kwarg is deprecated. Please pass a 'CFDatetimeCoder' instance initialized with 'use_cftime' to the 'decode_times' kwarg instead.
Example usage:
    time_coder = xr.coders.CFDatetimeCoder(use_cftime=True)
    ds = xr.open_dataset(decode_times=time_coder)

  return self.func(*new_argspec, **kwargs)
/leonardo/pub/userexternal/ggiulian/local/lib/python3.13/site-packages/dask/_task_spec.py:767: FutureWarning: Usage of 'use_cftime' as a kwarg is deprecated. Please pass a 'CFDatetimeCoder' instance initialized with 'use_cftime' to the 'decode_times' kwarg instead.
Example usage:
    time_coder = xr.coders.CFDatetimeCoder(use_cftime=True)
    ds = xr.open_dataset(decode_times=time_coder)

  return self.func(*new_argspec, **kwargs)
/leonardo/pub/userexternal/ggiulian/local/lib/python3.13/site-packages/dask/_task_spec.py:767: FutureWarning: Usage of 'use_cftime' as a kwarg is deprecated. Please pass a 'CFDatetimeCoder' instance initialized with 'use_cftime' to the 'decode_times' kwarg instead.
Example usage:
    time_coder = xr.coders.CFDatetimeCoder(use_cftime=True)
    ds = xr.open_dataset(decode_times=time_coder)

  return self.func(*new_argspec, **kwargs)
2026-07-01 17:13:08,391 - distributed.worker.memory - WARNING - Unmanaged memory use is high. This may indicate a memory leak or the memory may not be released to the OS; see https://distributed.dask.org/en/latest/worker-memory.html#memory-not-released-back-to-the-os for more information. -- Unmanaged memory: 5.39 GiB -- Worker memory limit: 7.45 GiB
2026-07-01 17:13:45,623 - distributed.worker.memory - WARNING - Worker is at 81% memory usage. Pausing worker.  Process memory: 6.09 GiB -- Worker memory limit: 7.45 GiB
2026-07-01 17:13:45,729 - distributed.worker.memory - WARNING - Worker is at 76% memory usage. Resuming worker. Process memory: 5.69 GiB -- Worker memory limit: 7.45 GiB
2026-07-01 17:13:47,736 - distributed.worker.memory - WARNING - Worker is at 88% memory usage. Pausing worker.  Process memory: 6.57 GiB -- Worker memory limit: 7.45 GiB
2026-07-01 17:13:48,061 - distributed.worker.memory - WARNING - Worker is at 76% memory usage. Resuming worker. Process memory: 5.69 GiB -- Worker memory limit: 7.45 GiB
2026-07-01 17:13:48,921 - distributed.worker.memory - WARNING - Worker is at 80% memory usage. Pausing worker.  Process memory: 6.02 GiB -- Worker memory limit: 7.45 GiB
2026-07-01 17:13:49,313 - distributed.worker.memory - WARNING - Worker is at 72% memory usage. Resuming worker. Process memory: 5.41 GiB -- Worker memory limit: 7.45 GiB
2026-07-01 17:13:51,050 - distributed.worker.memory - WARNING - Worker is at 89% memory usage. Pausing worker.  Process memory: 6.66 GiB -- Worker memory limit: 7.45 GiB
2026-07-01 17:13:51,569 - distributed.worker.memory - WARNING - Worker is at 72% memory usage. Resuming worker. Process memory: 5.38 GiB -- Worker memory limit: 7.45 GiB
2026-07-01 17:13:53,053 - distributed.worker.memory - WARNING - Worker is at 81% memory usage. Pausing worker.  Process memory: 6.09 GiB -- Worker memory limit: 7.45 GiB
2026-07-01 17:13:53,501 - distributed.worker.memory - WARNING - Worker is at 72% memory usage. Resuming worker. Process memory: 5.43 GiB -- Worker memory limit: 7.45 GiB
2026-07-01 17:13:56,056 - distributed.worker.memory - WARNING - Worker is at 83% memory usage. Pausing worker.  Process memory: 6.21 GiB -- Worker memory limit: 7.45 GiB
2026-07-01 17:13:56,446 - distributed.worker.memory - WARNING - Worker is at 71% memory usage. Resuming worker. Process memory: 5.36 GiB -- Worker memory limit: 7.45 GiB
2026-07-01 17:14:21,557 - distributed.worker.memory - WARNING - Worker is at 80% memory usage. Pausing worker.  Process memory: 6.02 GiB -- Worker memory limit: 7.45 GiB
2026-07-01 17:14:21,830 - distributed.worker.memory - WARNING - Worker is at 78% memory usage. Resuming worker. Process memory: 5.87 GiB -- Worker memory limit: 7.45 GiB
2026-07-01 17:14:21,930 - distributed.worker.memory - WARNING - Worker is at 82% memory usage. Pausing worker.  Process memory: 6.16 GiB -- Worker memory limit: 7.45 GiB
2026-07-01 17:14:22,030 - distributed.worker.memory - WARNING - Worker is at 79% memory usage. Resuming worker. Process memory: 5.90 GiB -- Worker memory limit: 7.45 GiB
2026-07-01 17:14:22,130 - distributed.worker.memory - WARNING - Worker is at 82% memory usage. Pausing worker.  Process memory: 6.16 GiB -- Worker memory limit: 7.45 GiB
2026-07-01 17:14:22,246 - distributed.worker.memory - WARNING - Worker is at 72% memory usage. Resuming worker. Process memory: 5.42 GiB -- Worker memory limit: 7.45 GiB
2026-07-01 17:14:22,769 - distributed.worker.memory - WARNING - Worker is at 80% memory usage. Pausing worker.  Process memory: 5.98 GiB -- Worker memory limit: 7.45 GiB
2026-07-01 17:14:23,984 - distributed.worker.memory - WARNING - Worker is at 73% memory usage. Resuming worker. Process memory: 5.47 GiB -- Worker memory limit: 7.45 GiB
2026-07-01 17:14:24,983 - distributed.worker.memory - WARNING - Worker is at 80% memory usage. Pausing worker.  Process memory: 6.01 GiB -- Worker memory limit: 7.45 GiB
2026-07-01 17:14:25,280 - distributed.worker.memory - WARNING - Worker is at 75% memory usage. Resuming worker. Process memory: 5.62 GiB -- Worker memory limit: 7.45 GiB
2026-07-01 17:14:27,954 - distributed.worker.memory - WARNING - Worker is at 80% memory usage. Pausing worker.  Process memory: 5.98 GiB -- Worker memory limit: 7.45 GiB
2026-07-01 17:14:28,701 - distributed.worker.memory - WARNING - Worker is at 64% memory usage. Resuming worker. Process memory: 4.83 GiB -- Worker memory limit: 7.45 GiB
2026-07-01 17:14:31,885 - distributed.worker.memory - WARNING - Worker is at 82% memory usage. Pausing worker.  Process memory: 6.11 GiB -- Worker memory limit: 7.45 GiB
2026-07-01 17:14:32,193 - distributed.worker.memory - WARNING - Worker is at 78% memory usage. Resuming worker. Process memory: 5.82 GiB -- Worker memory limit: 7.45 GiB
2026-07-01 17:14:36,563 - distributed.worker.memory - WARNING - Worker is at 86% memory usage. Pausing worker.  Process memory: 6.43 GiB -- Worker memory limit: 7.45 GiB
2026-07-01 17:14:37,318 - distributed.worker.memory - WARNING - Worker is at 67% memory usage. Resuming worker. Process memory: 4.99 GiB -- Worker memory limit: 7.45 GiB
2026-07-01 17:14:59,284 - distributed.worker.memory - WARNING - Worker is at 81% memory usage. Pausing worker.  Process memory: 6.04 GiB -- Worker memory limit: 7.45 GiB
2026-07-01 17:14:59,329 - distributed.worker.memory - WARNING - Worker is at 73% memory usage. Resuming worker. Process memory: 5.45 GiB -- Worker memory limit: 7.45 GiB
2026-07-01 17:15:00,829 - distributed.worker.memory - WARNING - Worker is at 81% memory usage. Pausing worker.  Process memory: 6.04 GiB -- Worker memory limit: 7.45 GiB
2026-07-01 17:15:01,347 - distributed.worker.memory - WARNING - Worker is at 78% memory usage. Resuming worker. Process memory: 5.87 GiB -- Worker memory limit: 7.45 GiB
2026-07-01 17:15:01,429 - distributed.worker.memory - WARNING - Worker is at 81% memory usage. Pausing worker.  Process memory: 6.05 GiB -- Worker memory limit: 7.45 GiB
2026-07-01 17:15:01,629 - distributed.worker.memory - WARNING - Worker is at 79% memory usage. Resuming worker. Process memory: 5.96 GiB -- Worker memory limit: 7.45 GiB
2026-07-01 17:15:01,729 - distributed.worker.memory - WARNING - Worker is at 82% memory usage. Pausing worker.  Process memory: 6.15 GiB -- Worker memory limit: 7.45 GiB
2026-07-01 17:15:01,930 - distributed.worker.memory - WARNING - Worker is at 75% memory usage. Resuming worker. Process memory: 5.60 GiB -- Worker memory limit: 7.45 GiB
2026-07-01 17:15:02,573 - distributed.worker.memory - WARNING - Worker is at 81% memory usage. Pausing worker.  Process memory: 6.09 GiB -- Worker memory limit: 7.45 GiB
2026-07-01 17:15:02,905 - distributed.worker.memory - WARNING - Worker is at 76% memory usage. Resuming worker. Process memory: 5.70 GiB -- Worker memory limit: 7.45 GiB
2026-07-01 17:15:03,535 - distributed.worker.memory - WARNING - Worker is at 86% memory usage. Pausing worker.  Process memory: 6.46 GiB -- Worker memory limit: 7.45 GiB
2026-07-01 17:15:03,846 - distributed.worker.memory - WARNING - Worker is at 79% memory usage. Resuming worker. Process memory: 5.89 GiB -- Worker memory limit: 7.45 GiB
2026-07-01 17:15:04,927 - distributed.worker.memory - WARNING - Worker is at 82% memory usage. Pausing worker.  Process memory: 6.13 GiB -- Worker memory limit: 7.45 GiB
2026-07-01 17:15:05,228 - distributed.worker.memory - WARNING - Worker is at 76% memory usage. Resuming worker. Process memory: 5.72 GiB -- Worker memory limit: 7.45 GiB
2026-07-01 17:15:12,247 - distributed.worker.memory - WARNING - Worker is at 89% memory usage. Pausing worker.  Process memory: 6.65 GiB -- Worker memory limit: 7.45 GiB
2026-07-01 17:15:12,663 - distributed.worker.memory - WARNING - Worker is at 77% memory usage. Resuming worker. Process memory: 5.79 GiB -- Worker memory limit: 7.45 GiB
2026-07-01 17:15:14,471 - distributed.worker.memory - WARNING - Worker is at 81% memory usage. Pausing worker.  Process memory: 6.09 GiB -- Worker memory limit: 7.45 GiB
2026-07-01 17:15:14,972 - distributed.worker.memory - WARNING - Worker is at 76% memory usage. Resuming worker. Process memory: 5.72 GiB -- Worker memory limit: 7.45 GiB
2026-07-01 17:15:19,293 - distributed.worker.memory - WARNING - Worker is at 83% memory usage. Pausing worker.  Process memory: 6.25 GiB -- Worker memory limit: 7.45 GiB
2026-07-01 17:15:20,490 - distributed.worker.memory - WARNING - Worker is at 67% memory usage. Resuming worker. Process memory: 5.00 GiB -- Worker memory limit: 7.45 GiB
/leonardo/pub/userexternal/ggiulian/local/lib/python3.13/site-packages/dask/_task_spec.py:767: FutureWarning: Usage of 'use_cftime' as a kwarg is deprecated. Please pass a 'CFDatetimeCoder' instance initialized with 'use_cftime' to the 'decode_times' kwarg instead.
Example usage:
    time_coder = xr.coders.CFDatetimeCoder(use_cftime=True)
    ds = xr.open_dataset(decode_times=time_coder)

  return self.func(*new_argspec, **kwargs)
/leonardo/pub/userexternal/ggiulian/local/lib/python3.13/site-packages/dask/_task_spec.py:767: FutureWarning: Usage of 'use_cftime' as a kwarg is deprecated. Please pass a 'CFDatetimeCoder' instance initialized with 'use_cftime' to the 'decode_times' kwarg instead.
Example usage:
    time_coder = xr.coders.CFDatetimeCoder(use_cftime=True)
    ds = xr.open_dataset(decode_times=time_coder)

  return self.func(*new_argspec, **kwargs)
/leonardo/pub/userexternal/ggiulian/local/lib/python3.13/site-packages/dask/_task_spec.py:767: FutureWarning: Usage of 'use_cftime' as a kwarg is deprecated. Please pass a 'CFDatetimeCoder' instance initialized with 'use_cftime' to the 'decode_times' kwarg instead.
Example usage:
    time_coder = xr.coders.CFDatetimeCoder(use_cftime=True)
    ds = xr.open_dataset(decode_times=time_coder)

  return self.func(*new_argspec, **kwargs)
/leonardo/pub/userexternal/ggiulian/local/lib/python3.13/site-packages/dask/_task_spec.py:767: FutureWarning: Usage of 'use_cftime' as a kwarg is deprecated. Please pass a 'CFDatetimeCoder' instance initialized with 'use_cftime' to the 'decode_times' kwarg instead.
Example usage:
    time_coder = xr.coders.CFDatetimeCoder(use_cftime=True)
    ds = xr.open_dataset(decode_times=time_coder)

  return self.func(*new_argspec, **kwargs)
/leonardo/pub/userexternal/ggiulian/local/lib/python3.13/site-packages/dask/_task_spec.py:767: FutureWarning: Usage of 'use_cftime' as a kwarg is deprecated. Please pass a 'CFDatetimeCoder' instance initialized with 'use_cftime' to the 'decode_times' kwarg instead.
Example usage:
    time_coder = xr.coders.CFDatetimeCoder(use_cftime=True)
    ds = xr.open_dataset(decode_times=time_coder)

  return self.func(*new_argspec, **kwargs)
/leonardo/pub/userexternal/ggiulian/local/lib/python3.13/site-packages/dask/_task_spec.py:767: FutureWarning: Usage of 'use_cftime' as a kwarg is deprecated. Please pass a 'CFDatetimeCoder' instance initialized with 'use_cftime' to the 'decode_times' kwarg instead.
Example usage:
    time_coder = xr.coders.CFDatetimeCoder(use_cftime=True)
    ds = xr.open_dataset(decode_times=time_coder)

  return self.func(*new_argspec, **kwargs)
2026-07-01 17:16:09,121 - distributed.worker.memory - WARNING - Unmanaged memory use is high. This may indicate a memory leak or the memory may not be released to the OS; see https://distributed.dask.org/en/latest/worker-memory.html#memory-not-released-back-to-the-os for more information. -- Unmanaged memory: 5.33 GiB -- Worker memory limit: 7.45 GiB
2026-07-01 17:17:29,834 - distributed.worker.memory - WARNING - Worker is at 81% memory usage. Pausing worker.  Process memory: 6.07 GiB -- Worker memory limit: 7.45 GiB
2026-07-01 17:17:30,256 - distributed.worker.memory - WARNING - Worker is at 74% memory usage. Resuming worker. Process memory: 5.57 GiB -- Worker memory limit: 7.45 GiB
/leonardo/pub/userexternal/ggiulian/local/lib/python3.13/site-packages/dask/_task_spec.py:767: FutureWarning: Usage of 'use_cftime' as a kwarg is deprecated. Please pass a 'CFDatetimeCoder' instance initialized with 'use_cftime' to the 'decode_times' kwarg instead.
Example usage:
    time_coder = xr.coders.CFDatetimeCoder(use_cftime=True)
    ds = xr.open_dataset(decode_times=time_coder)

  return self.func(*new_argspec, **kwargs)
/leonardo/pub/userexternal/ggiulian/local/lib/python3.13/site-packages/dask/_task_spec.py:767: FutureWarning: Usage of 'use_cftime' as a kwarg is deprecated. Please pass a 'CFDatetimeCoder' instance initialized with 'use_cftime' to the 'decode_times' kwarg instead.
Example usage:
    time_coder = xr.coders.CFDatetimeCoder(use_cftime=True)
    ds = xr.open_dataset(decode_times=time_coder)

  return self.func(*new_argspec, **kwargs)
/leonardo/pub/userexternal/ggiulian/local/lib/python3.13/site-packages/dask/_task_spec.py:767: FutureWarning: Usage of 'use_cftime' as a kwarg is deprecated. Please pass a 'CFDatetimeCoder' instance initialized with 'use_cftime' to the 'decode_times' kwarg instead.
Example usage:
    time_coder = xr.coders.CFDatetimeCoder(use_cftime=True)
    ds = xr.open_dataset(decode_times=time_coder)

  return self.func(*new_argspec, **kwargs)
/leonardo/pub/userexternal/ggiulian/local/lib/python3.13/site-packages/dask/_task_spec.py:767: FutureWarning: Usage of 'use_cftime' as a kwarg is deprecated. Please pass a 'CFDatetimeCoder' instance initialized with 'use_cftime' to the 'decode_times' kwarg instead.
Example usage:
    time_coder = xr.coders.CFDatetimeCoder(use_cftime=True)
    ds = xr.open_dataset(decode_times=time_coder)

  return self.func(*new_argspec, **kwargs)
/leonardo/pub/userexternal/ggiulian/local/lib/python3.13/site-packages/dask/_task_spec.py:767: FutureWarning: Usage of 'use_cftime' as a kwarg is deprecated. Please pass a 'CFDatetimeCoder' instance initialized with 'use_cftime' to the 'decode_times' kwarg instead.
Example usage:
    time_coder = xr.coders.CFDatetimeCoder(use_cftime=True)
    ds = xr.open_dataset(decode_times=time_coder)

  return self.func(*new_argspec, **kwargs)
/leonardo/pub/userexternal/ggiulian/local/lib/python3.13/site-packages/dask/_task_spec.py:767: FutureWarning: Usage of 'use_cftime' as a kwarg is deprecated. Please pass a 'CFDatetimeCoder' instance initialized with 'use_cftime' to the 'decode_times' kwarg instead.
Example usage:
    time_coder = xr.coders.CFDatetimeCoder(use_cftime=True)
    ds = xr.open_dataset(decode_times=time_coder)

  return self.func(*new_argspec, **kwargs)
2026-07-01 17:18:59,973 - distributed.worker.memory - WARNING - Unmanaged memory use is high. This may indicate a memory leak or the memory may not be released to the OS; see https://distributed.dask.org/en/latest/worker-memory.html#memory-not-released-back-to-the-os for more information. -- Unmanaged memory: 5.35 GiB -- Worker memory limit: 7.45 GiB
2026-07-01 17:19:35,925 - distributed.worker.memory - WARNING - Worker is at 81% memory usage. Pausing worker.  Process memory: 6.05 GiB -- Worker memory limit: 7.45 GiB
2026-07-01 17:19:36,034 - distributed.worker.memory - WARNING - Worker is at 75% memory usage. Resuming worker. Process memory: 5.64 GiB -- Worker memory limit: 7.45 GiB
2026-07-01 17:19:37,745 - distributed.worker.memory - WARNING - Worker is at 81% memory usage. Pausing worker.  Process memory: 6.08 GiB -- Worker memory limit: 7.45 GiB
2026-07-01 17:19:37,847 - distributed.worker.memory - WARNING - Worker is at 77% memory usage. Resuming worker. Process memory: 5.75 GiB -- Worker memory limit: 7.45 GiB
2026-07-01 17:19:39,636 - distributed.worker.memory - WARNING - Worker is at 83% memory usage. Pausing worker.  Process memory: 6.21 GiB -- Worker memory limit: 7.45 GiB
2026-07-01 17:19:41,316 - distributed.worker.memory - WARNING - Worker is at 70% memory usage. Resuming worker. Process memory: 5.28 GiB -- Worker memory limit: 7.45 GiB
2026-07-01 17:20:15,449 - distributed.worker.memory - WARNING - Worker is at 84% memory usage. Pausing worker.  Process memory: 6.32 GiB -- Worker memory limit: 7.45 GiB
2026-07-01 17:20:15,791 - distributed.worker.memory - WARNING - Worker is at 73% memory usage. Resuming worker. Process memory: 5.48 GiB -- Worker memory limit: 7.45 GiB
2026-07-01 17:20:22,581 - distributed.worker.memory - WARNING - Worker is at 83% memory usage. Pausing worker.  Process memory: 6.25 GiB -- Worker memory limit: 7.45 GiB
2026-07-01 17:20:23,033 - distributed.worker.memory - WARNING - Worker is at 61% memory usage. Resuming worker. Process memory: 4.59 GiB -- Worker memory limit: 7.45 GiB
2026-07-01 17:20:46,381 - distributed.worker.memory - WARNING - Worker is at 86% memory usage. Pausing worker.  Process memory: 6.41 GiB -- Worker memory limit: 7.45 GiB
2026-07-01 17:20:46,712 - distributed.worker.memory - WARNING - Worker is at 73% memory usage. Resuming worker. Process memory: 5.44 GiB -- Worker memory limit: 7.45 GiB
2026-07-01 17:20:47,392 - distributed.worker.memory - WARNING - Worker is at 81% memory usage. Pausing worker.  Process memory: 6.05 GiB -- Worker memory limit: 7.45 GiB
2026-07-01 17:20:47,706 - distributed.worker.memory - WARNING - Worker is at 77% memory usage. Resuming worker. Process memory: 5.74 GiB -- Worker memory limit: 7.45 GiB
2026-07-01 17:20:48,104 - distributed.worker.memory - WARNING - Worker is at 84% memory usage. Pausing worker.  Process memory: 6.28 GiB -- Worker memory limit: 7.45 GiB
2026-07-01 17:20:48,334 - distributed.worker.memory - WARNING - Worker is at 72% memory usage. Resuming worker. Process memory: 5.43 GiB -- Worker memory limit: 7.45 GiB
2026-07-01 17:20:59,925 - distributed.worker.memory - WARNING - Worker is at 81% memory usage. Pausing worker.  Process memory: 6.04 GiB -- Worker memory limit: 7.45 GiB
2026-07-01 17:21:00,382 - distributed.worker.memory - WARNING - Worker is at 69% memory usage. Resuming worker. Process memory: 5.18 GiB -- Worker memory limit: 7.45 GiB
2026-07-01 17:21:08,806 - distributed.worker.memory - WARNING - Worker is at 86% memory usage. Pausing worker.  Process memory: 6.45 GiB -- Worker memory limit: 7.45 GiB
2026-07-01 17:21:09,357 - distributed.worker.memory - WARNING - Worker is at 76% memory usage. Resuming worker. Process memory: 5.72 GiB -- Worker memory limit: 7.45 GiB
/leonardo/pub/userexternal/ggiulian/local/lib/python3.13/site-packages/dask/_task_spec.py:767: FutureWarning: Usage of 'use_cftime' as a kwarg is deprecated. Please pass a 'CFDatetimeCoder' instance initialized with 'use_cftime' to the 'decode_times' kwarg instead.
Example usage:
    time_coder = xr.coders.CFDatetimeCoder(use_cftime=True)
    ds = xr.open_dataset(decode_times=time_coder)

  return self.func(*new_argspec, **kwargs)
/leonardo/pub/userexternal/ggiulian/local/lib/python3.13/site-packages/dask/_task_spec.py:767: FutureWarning: Usage of 'use_cftime' as a kwarg is deprecated. Please pass a 'CFDatetimeCoder' instance initialized with 'use_cftime' to the 'decode_times' kwarg instead.
Example usage:
    time_coder = xr.coders.CFDatetimeCoder(use_cftime=True)
    ds = xr.open_dataset(decode_times=time_coder)

  return self.func(*new_argspec, **kwargs)
/leonardo/pub/userexternal/ggiulian/local/lib/python3.13/site-packages/dask/_task_spec.py:767: FutureWarning: Usage of 'use_cftime' as a kwarg is deprecated. Please pass a 'CFDatetimeCoder' instance initialized with 'use_cftime' to the 'decode_times' kwarg instead.
Example usage:
    time_coder = xr.coders.CFDatetimeCoder(use_cftime=True)
    ds = xr.open_dataset(decode_times=time_coder)

  return self.func(*new_argspec, **kwargs)
/leonardo/pub/userexternal/ggiulian/local/lib/python3.13/site-packages/dask/_task_spec.py:767: FutureWarning: Usage of 'use_cftime' as a kwarg is deprecated. Please pass a 'CFDatetimeCoder' instance initialized with 'use_cftime' to the 'decode_times' kwarg instead.
Example usage:
    time_coder = xr.coders.CFDatetimeCoder(use_cftime=True)
    ds = xr.open_dataset(decode_times=time_coder)

  return self.func(*new_argspec, **kwargs)
/leonardo/pub/userexternal/ggiulian/local/lib/python3.13/site-packages/dask/_task_spec.py:767: FutureWarning: Usage of 'use_cftime' as a kwarg is deprecated. Please pass a 'CFDatetimeCoder' instance initialized with 'use_cftime' to the 'decode_times' kwarg instead.
Example usage:
    time_coder = xr.coders.CFDatetimeCoder(use_cftime=True)
    ds = xr.open_dataset(decode_times=time_coder)

  return self.func(*new_argspec, **kwargs)
/leonardo/pub/userexternal/ggiulian/local/lib/python3.13/site-packages/dask/_task_spec.py:767: FutureWarning: Usage of 'use_cftime' as a kwarg is deprecated. Please pass a 'CFDatetimeCoder' instance initialized with 'use_cftime' to the 'decode_times' kwarg instead.
Example usage:
    time_coder = xr.coders.CFDatetimeCoder(use_cftime=True)
    ds = xr.open_dataset(decode_times=time_coder)

  return self.func(*new_argspec, **kwargs)
2026-07-01 17:21:52,282 - distributed.worker.memory - WARNING - Unmanaged memory use is high. This may indicate a memory leak or the memory may not be released to the OS; see https://distributed.dask.org/en/latest/worker-memory.html#memory-not-released-back-to-the-os for more information. -- Unmanaged memory: 5.35 GiB -- Worker memory limit: 7.45 GiB
2026-07-01 17:22:27,656 - distributed.worker.memory - WARNING - Worker is at 80% memory usage. Pausing worker.  Process memory: 5.97 GiB -- Worker memory limit: 7.45 GiB
2026-07-01 17:22:27,956 - distributed.worker.memory - WARNING - Worker is at 74% memory usage. Resuming worker. Process memory: 5.58 GiB -- Worker memory limit: 7.45 GiB
2026-07-01 17:22:32,493 - distributed.worker.memory - WARNING - Worker is at 83% memory usage. Pausing worker.  Process memory: 6.24 GiB -- Worker memory limit: 7.45 GiB
2026-07-01 17:22:33,018 - distributed.worker.memory - WARNING - Worker is at 74% memory usage. Resuming worker. Process memory: 5.51 GiB -- Worker memory limit: 7.45 GiB
2026-07-01 17:22:39,275 - distributed.worker.memory - WARNING - Worker is at 80% memory usage. Pausing worker.  Process memory: 5.99 GiB -- Worker memory limit: 7.45 GiB
2026-07-01 17:22:39,876 - distributed.worker.memory - WARNING - Worker is at 73% memory usage. Resuming worker. Process memory: 5.46 GiB -- Worker memory limit: 7.45 GiB
2026-07-01 17:23:05,635 - distributed.worker.memory - WARNING - Worker is at 85% memory usage. Pausing worker.  Process memory: 6.38 GiB -- Worker memory limit: 7.45 GiB
2026-07-01 17:23:05,811 - distributed.worker.memory - WARNING - Worker is at 71% memory usage. Resuming worker. Process memory: 5.30 GiB -- Worker memory limit: 7.45 GiB
2026-07-01 17:23:06,278 - distributed.worker.memory - WARNING - Worker is at 83% memory usage. Pausing worker.  Process memory: 6.22 GiB -- Worker memory limit: 7.45 GiB
2026-07-01 17:23:06,631 - distributed.worker.memory - WARNING - Worker is at 73% memory usage. Resuming worker. Process memory: 5.46 GiB -- Worker memory limit: 7.45 GiB
2026-07-01 17:23:16,296 - distributed.worker.memory - WARNING - Worker is at 82% memory usage. Pausing worker.  Process memory: 6.13 GiB -- Worker memory limit: 7.45 GiB
2026-07-01 17:23:16,452 - distributed.worker.memory - WARNING - Worker is at 79% memory usage. Resuming worker. Process memory: 5.93 GiB -- Worker memory limit: 7.45 GiB
2026-07-01 17:23:42,543 - distributed.worker.memory - WARNING - Worker is at 82% memory usage. Pausing worker.  Process memory: 6.16 GiB -- Worker memory limit: 7.45 GiB
2026-07-01 17:23:42,779 - distributed.worker.memory - WARNING - Worker is at 77% memory usage. Resuming worker. Process memory: 5.80 GiB -- Worker memory limit: 7.45 GiB
2026-07-01 17:23:42,856 - distributed.worker.memory - WARNING - Worker is at 80% memory usage. Pausing worker.  Process memory: 6.01 GiB -- Worker memory limit: 7.45 GiB
2026-07-01 17:23:43,256 - distributed.worker.memory - WARNING - Worker is at 74% memory usage. Resuming worker. Process memory: 5.53 GiB -- Worker memory limit: 7.45 GiB
2026-07-01 17:23:43,785 - distributed.worker.memory - WARNING - Worker is at 80% memory usage. Pausing worker.  Process memory: 6.01 GiB -- Worker memory limit: 7.45 GiB
2026-07-01 17:23:44,955 - distributed.worker.memory - WARNING - Worker is at 72% memory usage. Resuming worker. Process memory: 5.43 GiB -- Worker memory limit: 7.45 GiB
2026-07-01 17:23:45,667 - distributed.worker.memory - WARNING - Worker is at 80% memory usage. Pausing worker.  Process memory: 6.03 GiB -- Worker memory limit: 7.45 GiB
2026-07-01 17:23:47,009 - distributed.worker.memory - WARNING - Worker is at 73% memory usage. Resuming worker. Process memory: 5.47 GiB -- Worker memory limit: 7.45 GiB
2026-07-01 17:23:48,795 - distributed.worker.memory - WARNING - Worker is at 83% memory usage. Pausing worker.  Process memory: 6.20 GiB -- Worker memory limit: 7.45 GiB
2026-07-01 17:23:49,135 - distributed.worker.memory - WARNING - Worker is at 77% memory usage. Resuming worker. Process memory: 5.77 GiB -- Worker memory limit: 7.45 GiB
2026-07-01 17:23:55,932 - distributed.worker.memory - WARNING - Worker is at 85% memory usage. Pausing worker.  Process memory: 6.34 GiB -- Worker memory limit: 7.45 GiB
2026-07-01 17:23:56,289 - distributed.worker.memory - WARNING - Worker is at 78% memory usage. Resuming worker. Process memory: 5.88 GiB -- Worker memory limit: 7.45 GiB
2026-07-01 17:24:06,107 - distributed.worker.memory - WARNING - Worker is at 81% memory usage. Pausing worker.  Process memory: 6.07 GiB -- Worker memory limit: 7.45 GiB
2026-07-01 17:24:06,241 - distributed.worker.memory - WARNING - Worker is at 78% memory usage. Resuming worker. Process memory: 5.89 GiB -- Worker memory limit: 7.45 GiB
2026-07-01 17:24:06,341 - distributed.worker.memory - WARNING - Worker is at 80% memory usage. Pausing worker.  Process memory: 5.97 GiB -- Worker memory limit: 7.45 GiB
2026-07-01 17:24:06,714 - distributed.worker.memory - WARNING - Worker is at 72% memory usage. Resuming worker. Process memory: 5.39 GiB -- Worker memory limit: 7.45 GiB
/leonardo/pub/userexternal/ggiulian/local/lib/python3.13/site-packages/dask/_task_spec.py:767: FutureWarning: Usage of 'use_cftime' as a kwarg is deprecated. Please pass a 'CFDatetimeCoder' instance initialized with 'use_cftime' to the 'decode_times' kwarg instead.
Example usage:
    time_coder = xr.coders.CFDatetimeCoder(use_cftime=True)
    ds = xr.open_dataset(decode_times=time_coder)

  return self.func(*new_argspec, **kwargs)
/leonardo/pub/userexternal/ggiulian/local/lib/python3.13/site-packages/dask/_task_spec.py:767: FutureWarning: Usage of 'use_cftime' as a kwarg is deprecated. Please pass a 'CFDatetimeCoder' instance initialized with 'use_cftime' to the 'decode_times' kwarg instead.
Example usage:
    time_coder = xr.coders.CFDatetimeCoder(use_cftime=True)
    ds = xr.open_dataset(decode_times=time_coder)

  return self.func(*new_argspec, **kwargs)
/leonardo/pub/userexternal/ggiulian/local/lib/python3.13/site-packages/dask/_task_spec.py:767: FutureWarning: Usage of 'use_cftime' as a kwarg is deprecated. Please pass a 'CFDatetimeCoder' instance initialized with 'use_cftime' to the 'decode_times' kwarg instead.
Example usage:
    time_coder = xr.coders.CFDatetimeCoder(use_cftime=True)
    ds = xr.open_dataset(decode_times=time_coder)

  return self.func(*new_argspec, **kwargs)
/leonardo/pub/userexternal/ggiulian/local/lib/python3.13/site-packages/dask/_task_spec.py:767: FutureWarning: Usage of 'use_cftime' as a kwarg is deprecated. Please pass a 'CFDatetimeCoder' instance initialized with 'use_cftime' to the 'decode_times' kwarg instead.
Example usage:
    time_coder = xr.coders.CFDatetimeCoder(use_cftime=True)
    ds = xr.open_dataset(decode_times=time_coder)

  return self.func(*new_argspec, **kwargs)
/leonardo/pub/userexternal/ggiulian/local/lib/python3.13/site-packages/dask/_task_spec.py:767: FutureWarning: Usage of 'use_cftime' as a kwarg is deprecated. Please pass a 'CFDatetimeCoder' instance initialized with 'use_cftime' to the 'decode_times' kwarg instead.
Example usage:
    time_coder = xr.coders.CFDatetimeCoder(use_cftime=True)
    ds = xr.open_dataset(decode_times=time_coder)

  return self.func(*new_argspec, **kwargs)
/leonardo/pub/userexternal/ggiulian/local/lib/python3.13/site-packages/dask/_task_spec.py:767: FutureWarning: Usage of 'use_cftime' as a kwarg is deprecated. Please pass a 'CFDatetimeCoder' instance initialized with 'use_cftime' to the 'decode_times' kwarg instead.
Example usage:
    time_coder = xr.coders.CFDatetimeCoder(use_cftime=True)
    ds = xr.open_dataset(decode_times=time_coder)

  return self.func(*new_argspec, **kwargs)
2026-07-01 17:24:50,291 - distributed.worker.memory - WARNING - Unmanaged memory use is high. This may indicate a memory leak or the memory may not be released to the OS; see https://distributed.dask.org/en/latest/worker-memory.html#memory-not-released-back-to-the-os for more information. -- Unmanaged memory: 5.29 GiB -- Worker memory limit: 7.45 GiB
2026-07-01 17:25:26,266 - distributed.worker.memory - WARNING - Worker is at 81% memory usage. Pausing worker.  Process memory: 6.09 GiB -- Worker memory limit: 7.45 GiB
2026-07-01 17:25:26,456 - distributed.worker.memory - WARNING - Worker is at 76% memory usage. Resuming worker. Process memory: 5.67 GiB -- Worker memory limit: 7.45 GiB
2026-07-01 17:25:28,132 - distributed.worker.memory - WARNING - Worker is at 80% memory usage. Pausing worker.  Process memory: 5.97 GiB -- Worker memory limit: 7.45 GiB
2026-07-01 17:25:28,256 - distributed.worker.memory - WARNING - Worker is at 76% memory usage. Resuming worker. Process memory: 5.68 GiB -- Worker memory limit: 7.45 GiB
2026-07-01 17:26:01,856 - distributed.worker.memory - WARNING - Worker is at 81% memory usage. Pausing worker.  Process memory: 6.06 GiB -- Worker memory limit: 7.45 GiB
2026-07-01 17:26:02,062 - distributed.worker.memory - WARNING - Worker is at 75% memory usage. Resuming worker. Process memory: 5.59 GiB -- Worker memory limit: 7.45 GiB
2026-07-01 17:26:02,457 - distributed.worker.memory - WARNING - Worker is at 82% memory usage. Pausing worker.  Process memory: 6.13 GiB -- Worker memory limit: 7.45 GiB
2026-07-01 17:26:02,556 - distributed.worker.memory - WARNING - Worker is at 71% memory usage. Resuming worker. Process memory: 5.35 GiB -- Worker memory limit: 7.45 GiB
2026-07-01 17:26:11,556 - distributed.worker.memory - WARNING - Worker is at 81% memory usage. Pausing worker.  Process memory: 6.06 GiB -- Worker memory limit: 7.45 GiB
2026-07-01 17:26:11,873 - distributed.worker.memory - WARNING - Worker is at 72% memory usage. Resuming worker. Process memory: 5.44 GiB -- Worker memory limit: 7.45 GiB
2026-07-01 17:26:47,816 - distributed.worker.memory - WARNING - Worker is at 80% memory usage. Pausing worker.  Process memory: 6.00 GiB -- Worker memory limit: 7.45 GiB
2026-07-01 17:26:48,325 - distributed.worker.memory - WARNING - Worker is at 69% memory usage. Resuming worker. Process memory: 5.15 GiB -- Worker memory limit: 7.45 GiB
/leonardo/pub/userexternal/ggiulian/local/lib/python3.13/site-packages/dask/_task_spec.py:767: FutureWarning: Usage of 'use_cftime' as a kwarg is deprecated. Please pass a 'CFDatetimeCoder' instance initialized with 'use_cftime' to the 'decode_times' kwarg instead.
Example usage:
    time_coder = xr.coders.CFDatetimeCoder(use_cftime=True)
    ds = xr.open_dataset(decode_times=time_coder)

  return self.func(*new_argspec, **kwargs)
/leonardo/pub/userexternal/ggiulian/local/lib/python3.13/site-packages/dask/_task_spec.py:767: FutureWarning: Usage of 'use_cftime' as a kwarg is deprecated. Please pass a 'CFDatetimeCoder' instance initialized with 'use_cftime' to the 'decode_times' kwarg instead.
Example usage:
    time_coder = xr.coders.CFDatetimeCoder(use_cftime=True)
    ds = xr.open_dataset(decode_times=time_coder)

  return self.func(*new_argspec, **kwargs)
/leonardo/pub/userexternal/ggiulian/local/lib/python3.13/site-packages/dask/_task_spec.py:767: FutureWarning: Usage of 'use_cftime' as a kwarg is deprecated. Please pass a 'CFDatetimeCoder' instance initialized with 'use_cftime' to the 'decode_times' kwarg instead.
Example usage:
    time_coder = xr.coders.CFDatetimeCoder(use_cftime=True)
    ds = xr.open_dataset(decode_times=time_coder)

  return self.func(*new_argspec, **kwargs)
/leonardo/pub/userexternal/ggiulian/local/lib/python3.13/site-packages/dask/_task_spec.py:767: FutureWarning: Usage of 'use_cftime' as a kwarg is deprecated. Please pass a 'CFDatetimeCoder' instance initialized with 'use_cftime' to the 'decode_times' kwarg instead.
Example usage:
    time_coder = xr.coders.CFDatetimeCoder(use_cftime=True)
    ds = xr.open_dataset(decode_times=time_coder)

  return self.func(*new_argspec, **kwargs)
/leonardo/pub/userexternal/ggiulian/local/lib/python3.13/site-packages/dask/_task_spec.py:767: FutureWarning: Usage of 'use_cftime' as a kwarg is deprecated. Please pass a 'CFDatetimeCoder' instance initialized with 'use_cftime' to the 'decode_times' kwarg instead.
Example usage:
    time_coder = xr.coders.CFDatetimeCoder(use_cftime=True)
    ds = xr.open_dataset(decode_times=time_coder)

  return self.func(*new_argspec, **kwargs)
/leonardo/pub/userexternal/ggiulian/local/lib/python3.13/site-packages/dask/_task_spec.py:767: FutureWarning: Usage of 'use_cftime' as a kwarg is deprecated. Please pass a 'CFDatetimeCoder' instance initialized with 'use_cftime' to the 'decode_times' kwarg instead.
Example usage:
    time_coder = xr.coders.CFDatetimeCoder(use_cftime=True)
    ds = xr.open_dataset(decode_times=time_coder)

  return self.func(*new_argspec, **kwargs)
2026-07-01 17:27:38,386 - distributed.worker.memory - WARNING - Unmanaged memory use is high. This may indicate a memory leak or the memory may not be released to the OS; see https://distributed.dask.org/en/latest/worker-memory.html#memory-not-released-back-to-the-os for more information. -- Unmanaged memory: 5.31 GiB -- Worker memory limit: 7.45 GiB
2026-07-01 17:28:55,086 - distributed.worker.memory - WARNING - Worker is at 83% memory usage. Pausing worker.  Process memory: 6.25 GiB -- Worker memory limit: 7.45 GiB
2026-07-01 17:28:55,432 - distributed.worker.memory - WARNING - Worker is at 69% memory usage. Resuming worker. Process memory: 5.19 GiB -- Worker memory limit: 7.45 GiB
2026-07-01 17:29:21,204 - distributed.worker.memory - WARNING - Worker is at 84% memory usage. Pausing worker.  Process memory: 6.28 GiB -- Worker memory limit: 7.45 GiB
2026-07-01 17:29:21,520 - distributed.worker.memory - WARNING - Worker is at 73% memory usage. Resuming worker. Process memory: 5.48 GiB -- Worker memory limit: 7.45 GiB
2026-07-01 17:29:24,753 - distributed.worker.memory - WARNING - Worker is at 80% memory usage. Pausing worker.  Process memory: 6.00 GiB -- Worker memory limit: 7.45 GiB
2026-07-01 17:29:24,863 - distributed.worker.memory - WARNING - Worker is at 71% memory usage. Resuming worker. Process memory: 5.32 GiB -- Worker memory limit: 7.45 GiB
2026-07-01 17:29:34,097 - distributed.worker.memory - WARNING - Worker is at 81% memory usage. Pausing worker.  Process memory: 6.10 GiB -- Worker memory limit: 7.45 GiB
2026-07-01 17:29:34,777 - distributed.worker.memory - WARNING - Worker is at 68% memory usage. Resuming worker. Process memory: 5.09 GiB -- Worker memory limit: 7.45 GiB
/leonardo/pub/userexternal/ggiulian/local/lib/python3.13/site-packages/dask/_task_spec.py:767: FutureWarning: Usage of 'use_cftime' as a kwarg is deprecated. Please pass a 'CFDatetimeCoder' instance initialized with 'use_cftime' to the 'decode_times' kwarg instead.
Example usage:
    time_coder = xr.coders.CFDatetimeCoder(use_cftime=True)
    ds = xr.open_dataset(decode_times=time_coder)

  return self.func(*new_argspec, **kwargs)
/leonardo/pub/userexternal/ggiulian/local/lib/python3.13/site-packages/dask/_task_spec.py:767: FutureWarning: Usage of 'use_cftime' as a kwarg is deprecated. Please pass a 'CFDatetimeCoder' instance initialized with 'use_cftime' to the 'decode_times' kwarg instead.
Example usage:
    time_coder = xr.coders.CFDatetimeCoder(use_cftime=True)
    ds = xr.open_dataset(decode_times=time_coder)

  return self.func(*new_argspec, **kwargs)
/leonardo/pub/userexternal/ggiulian/local/lib/python3.13/site-packages/dask/_task_spec.py:767: FutureWarning: Usage of 'use_cftime' as a kwarg is deprecated. Please pass a 'CFDatetimeCoder' instance initialized with 'use_cftime' to the 'decode_times' kwarg instead.
Example usage:
    time_coder = xr.coders.CFDatetimeCoder(use_cftime=True)
    ds = xr.open_dataset(decode_times=time_coder)

  return self.func(*new_argspec, **kwargs)
/leonardo/pub/userexternal/ggiulian/local/lib/python3.13/site-packages/dask/_task_spec.py:767: FutureWarning: Usage of 'use_cftime' as a kwarg is deprecated. Please pass a 'CFDatetimeCoder' instance initialized with 'use_cftime' to the 'decode_times' kwarg instead.
Example usage:
    time_coder = xr.coders.CFDatetimeCoder(use_cftime=True)
    ds = xr.open_dataset(decode_times=time_coder)

  return self.func(*new_argspec, **kwargs)
/leonardo/pub/userexternal/ggiulian/local/lib/python3.13/site-packages/dask/_task_spec.py:767: FutureWarning: Usage of 'use_cftime' as a kwarg is deprecated. Please pass a 'CFDatetimeCoder' instance initialized with 'use_cftime' to the 'decode_times' kwarg instead.
Example usage:
    time_coder = xr.coders.CFDatetimeCoder(use_cftime=True)
    ds = xr.open_dataset(decode_times=time_coder)

  return self.func(*new_argspec, **kwargs)
/leonardo/pub/userexternal/ggiulian/local/lib/python3.13/site-packages/dask/_task_spec.py:767: FutureWarning: Usage of 'use_cftime' as a kwarg is deprecated. Please pass a 'CFDatetimeCoder' instance initialized with 'use_cftime' to the 'decode_times' kwarg instead.
Example usage:
    time_coder = xr.coders.CFDatetimeCoder(use_cftime=True)
    ds = xr.open_dataset(decode_times=time_coder)

  return self.func(*new_argspec, **kwargs)
2026-07-01 17:30:25,986 - distributed.worker.memory - WARNING - Unmanaged memory use is high. This may indicate a memory leak or the memory may not be released to the OS; see https://distributed.dask.org/en/latest/worker-memory.html#memory-not-released-back-to-the-os for more information. -- Unmanaged memory: 5.13 GiB -- Worker memory limit: 7.45 GiB
2026-07-01 17:31:00,000 - distributed.worker.memory - WARNING - Worker is at 80% memory usage. Pausing worker.  Process memory: 5.97 GiB -- Worker memory limit: 7.45 GiB
2026-07-01 17:31:00,917 - distributed.worker.memory - WARNING - Worker is at 79% memory usage. Resuming worker. Process memory: 5.93 GiB -- Worker memory limit: 7.45 GiB
2026-07-01 17:31:02,096 - distributed.worker.memory - WARNING - Worker is at 81% memory usage. Pausing worker.  Process memory: 6.09 GiB -- Worker memory limit: 7.45 GiB
2026-07-01 17:31:02,542 - distributed.worker.memory - WARNING - Worker is at 71% memory usage. Resuming worker. Process memory: 5.34 GiB -- Worker memory limit: 7.45 GiB
2026-07-01 17:31:07,197 - distributed.worker.memory - WARNING - Worker is at 80% memory usage. Pausing worker.  Process memory: 5.97 GiB -- Worker memory limit: 7.45 GiB
2026-07-01 17:31:07,791 - distributed.worker.memory - WARNING - Worker is at 76% memory usage. Resuming worker. Process memory: 5.73 GiB -- Worker memory limit: 7.45 GiB
2026-07-01 17:31:48,896 - distributed.worker.memory - WARNING - Worker is at 80% memory usage. Pausing worker.  Process memory: 5.96 GiB -- Worker memory limit: 7.45 GiB
2026-07-01 17:31:49,696 - distributed.worker.memory - WARNING - Worker is at 73% memory usage. Resuming worker. Process memory: 5.48 GiB -- Worker memory limit: 7.45 GiB
2026-07-01 17:31:51,546 - distributed.worker.memory - WARNING - Worker is at 80% memory usage. Pausing worker.  Process memory: 6.03 GiB -- Worker memory limit: 7.45 GiB
2026-07-01 17:31:51,598 - distributed.worker.memory - WARNING - Worker is at 72% memory usage. Resuming worker. Process memory: 5.42 GiB -- Worker memory limit: 7.45 GiB
2026-07-01 17:31:53,294 - distributed.worker.memory - WARNING - Worker is at 80% memory usage. Pausing worker.  Process memory: 6.01 GiB -- Worker memory limit: 7.45 GiB
2026-07-01 17:31:53,583 - distributed.worker.memory - WARNING - Worker is at 78% memory usage. Resuming worker. Process memory: 5.88 GiB -- Worker memory limit: 7.45 GiB
2026-07-01 17:31:55,356 - distributed.worker.memory - WARNING - Worker is at 80% memory usage. Pausing worker.  Process memory: 5.96 GiB -- Worker memory limit: 7.45 GiB
2026-07-01 17:31:56,374 - distributed.worker.memory - WARNING - Worker is at 73% memory usage. Resuming worker. Process memory: 5.51 GiB -- Worker memory limit: 7.45 GiB
2026-07-01 17:31:57,837 - distributed.worker.memory - WARNING - Worker is at 81% memory usage. Pausing worker.  Process memory: 6.05 GiB -- Worker memory limit: 7.45 GiB
2026-07-01 17:31:58,227 - distributed.worker.memory - WARNING - Worker is at 74% memory usage. Resuming worker. Process memory: 5.58 GiB -- Worker memory limit: 7.45 GiB
2026-07-01 17:32:21,070 - distributed.worker.memory - WARNING - Worker is at 80% memory usage. Pausing worker.  Process memory: 6.02 GiB -- Worker memory limit: 7.45 GiB
2026-07-01 17:32:21,133 - distributed.worker.memory - WARNING - Worker is at 73% memory usage. Resuming worker. Process memory: 5.45 GiB -- Worker memory limit: 7.45 GiB
2026-07-01 17:32:22,796 - distributed.worker.memory - WARNING - Worker is at 82% memory usage. Pausing worker.  Process memory: 6.13 GiB -- Worker memory limit: 7.45 GiB
2026-07-01 17:32:23,110 - distributed.worker.memory - WARNING - Worker is at 79% memory usage. Resuming worker. Process memory: 5.89 GiB -- Worker memory limit: 7.45 GiB
2026-07-01 17:32:23,195 - distributed.worker.memory - WARNING - Worker is at 82% memory usage. Pausing worker.  Process memory: 6.14 GiB -- Worker memory limit: 7.45 GiB
2026-07-01 17:32:23,306 - distributed.worker.memory - WARNING - Worker is at 79% memory usage. Resuming worker. Process memory: 5.93 GiB -- Worker memory limit: 7.45 GiB
2026-07-01 17:32:23,396 - distributed.worker.memory - WARNING - Worker is at 82% memory usage. Pausing worker.  Process memory: 6.16 GiB -- Worker memory limit: 7.45 GiB
2026-07-01 17:32:23,596 - distributed.worker.memory - WARNING - Worker is at 75% memory usage. Resuming worker. Process memory: 5.65 GiB -- Worker memory limit: 7.45 GiB
2026-07-01 17:32:24,151 - distributed.worker.memory - WARNING - Worker is at 82% memory usage. Pausing worker.  Process memory: 6.12 GiB -- Worker memory limit: 7.45 GiB
2026-07-01 17:32:24,496 - distributed.worker.memory - WARNING - Worker is at 79% memory usage. Resuming worker. Process memory: 5.90 GiB -- Worker memory limit: 7.45 GiB
2026-07-01 17:32:24,784 - distributed.worker.memory - WARNING - Worker is at 80% memory usage. Pausing worker.  Process memory: 5.99 GiB -- Worker memory limit: 7.45 GiB
2026-07-01 17:32:24,958 - distributed.worker.memory - WARNING - Worker is at 79% memory usage. Resuming worker. Process memory: 5.90 GiB -- Worker memory limit: 7.45 GiB
2026-07-01 17:32:25,480 - distributed.worker.memory - WARNING - Worker is at 82% memory usage. Pausing worker.  Process memory: 6.12 GiB -- Worker memory limit: 7.45 GiB
2026-07-01 17:32:26,261 - distributed.worker.memory - WARNING - Worker is at 69% memory usage. Resuming worker. Process memory: 5.18 GiB -- Worker memory limit: 7.45 GiB
2026-07-01 17:32:27,645 - distributed.worker.memory - WARNING - Worker is at 81% memory usage. Pausing worker.  Process memory: 6.10 GiB -- Worker memory limit: 7.45 GiB
2026-07-01 17:32:27,795 - distributed.worker.memory - WARNING - Worker is at 71% memory usage. Resuming worker. Process memory: 5.30 GiB -- Worker memory limit: 7.45 GiB
2026-07-01 17:32:29,038 - distributed.worker.memory - WARNING - Worker is at 80% memory usage. Pausing worker.  Process memory: 6.03 GiB -- Worker memory limit: 7.45 GiB
2026-07-01 17:32:29,744 - distributed.worker.memory - WARNING - Worker is at 72% memory usage. Resuming worker. Process memory: 5.40 GiB -- Worker memory limit: 7.45 GiB
2026-07-01 17:32:31,970 - distributed.worker.memory - WARNING - Worker is at 92% memory usage. Pausing worker.  Process memory: 6.87 GiB -- Worker memory limit: 7.45 GiB
2026-07-01 17:32:32,814 - distributed.worker.memory - WARNING - Worker is at 68% memory usage. Resuming worker. Process memory: 5.09 GiB -- Worker memory limit: 7.45 GiB
2026-07-01 17:32:36,102 - distributed.worker.memory - WARNING - Worker is at 81% memory usage. Pausing worker.  Process memory: 6.07 GiB -- Worker memory limit: 7.45 GiB
2026-07-01 17:32:36,458 - distributed.worker.memory - WARNING - Worker is at 79% memory usage. Resuming worker. Process memory: 5.89 GiB -- Worker memory limit: 7.45 GiB
2026-07-01 17:32:36,762 - distributed.worker.memory - WARNING - Worker is at 82% memory usage. Pausing worker.  Process memory: 6.12 GiB -- Worker memory limit: 7.45 GiB
2026-07-01 17:32:37,176 - distributed.worker.memory - WARNING - Worker is at 66% memory usage. Resuming worker. Process memory: 4.92 GiB -- Worker memory limit: 7.45 GiB
2026-07-01 17:32:44,793 - distributed.worker.memory - WARNING - Worker is at 96% memory usage. Pausing worker.  Process memory: 7.22 GiB -- Worker memory limit: 7.45 GiB
2026-07-01 17:32:48,004 - distributed.worker.memory - WARNING - Worker is at 70% memory usage. Resuming worker. Process memory: 5.23 GiB -- Worker memory limit: 7.45 GiB
2026-07-01 17:32:50,135 - distributed.worker.memory - WARNING - Worker is at 87% memory usage. Pausing worker.  Process memory: 6.52 GiB -- Worker memory limit: 7.45 GiB
2026-07-01 17:32:50,777 - distributed.worker.memory - WARNING - Worker is at 79% memory usage. Resuming worker. Process memory: 5.96 GiB -- Worker memory limit: 7.45 GiB
2026-07-01 17:32:52,765 - distributed.worker.memory - WARNING - Worker is at 81% memory usage. Pausing worker.  Process memory: 6.04 GiB -- Worker memory limit: 7.45 GiB
2026-07-01 17:32:53,371 - distributed.worker.memory - WARNING - Worker is at 74% memory usage. Resuming worker. Process memory: 5.58 GiB -- Worker memory limit: 7.45 GiB
/leonardo/pub/userexternal/ggiulian/local/lib/python3.13/site-packages/dask/_task_spec.py:767: FutureWarning: Usage of 'use_cftime' as a kwarg is deprecated. Please pass a 'CFDatetimeCoder' instance initialized with 'use_cftime' to the 'decode_times' kwarg instead.
Example usage:
    time_coder = xr.coders.CFDatetimeCoder(use_cftime=True)
    ds = xr.open_dataset(decode_times=time_coder)

  return self.func(*new_argspec, **kwargs)
/leonardo/pub/userexternal/ggiulian/local/lib/python3.13/site-packages/dask/_task_spec.py:767: FutureWarning: Usage of 'use_cftime' as a kwarg is deprecated. Please pass a 'CFDatetimeCoder' instance initialized with 'use_cftime' to the 'decode_times' kwarg instead.
Example usage:
    time_coder = xr.coders.CFDatetimeCoder(use_cftime=True)
    ds = xr.open_dataset(decode_times=time_coder)

  return self.func(*new_argspec, **kwargs)
/leonardo/pub/userexternal/ggiulian/local/lib/python3.13/site-packages/dask/_task_spec.py:767: FutureWarning: Usage of 'use_cftime' as a kwarg is deprecated. Please pass a 'CFDatetimeCoder' instance initialized with 'use_cftime' to the 'decode_times' kwarg instead.
Example usage:
    time_coder = xr.coders.CFDatetimeCoder(use_cftime=True)
    ds = xr.open_dataset(decode_times=time_coder)

  return self.func(*new_argspec, **kwargs)
/leonardo/pub/userexternal/ggiulian/local/lib/python3.13/site-packages/dask/_task_spec.py:767: FutureWarning: Usage of 'use_cftime' as a kwarg is deprecated. Please pass a 'CFDatetimeCoder' instance initialized with 'use_cftime' to the 'decode_times' kwarg instead.
Example usage:
    time_coder = xr.coders.CFDatetimeCoder(use_cftime=True)
    ds = xr.open_dataset(decode_times=time_coder)

  return self.func(*new_argspec, **kwargs)
/leonardo/pub/userexternal/ggiulian/local/lib/python3.13/site-packages/dask/_task_spec.py:767: FutureWarning: Usage of 'use_cftime' as a kwarg is deprecated. Please pass a 'CFDatetimeCoder' instance initialized with 'use_cftime' to the 'decode_times' kwarg instead.
Example usage:
    time_coder = xr.coders.CFDatetimeCoder(use_cftime=True)
    ds = xr.open_dataset(decode_times=time_coder)

  return self.func(*new_argspec, **kwargs)
/leonardo/pub/userexternal/ggiulian/local/lib/python3.13/site-packages/dask/_task_spec.py:767: FutureWarning: Usage of 'use_cftime' as a kwarg is deprecated. Please pass a 'CFDatetimeCoder' instance initialized with 'use_cftime' to the 'decode_times' kwarg instead.
Example usage:
    time_coder = xr.coders.CFDatetimeCoder(use_cftime=True)
    ds = xr.open_dataset(decode_times=time_coder)

  return self.func(*new_argspec, **kwargs)
2026-07-01 17:33:23,986 - distributed.worker.memory - WARNING - Unmanaged memory use is high. This may indicate a memory leak or the memory may not be released to the OS; see https://distributed.dask.org/en/latest/worker-memory.html#memory-not-released-back-to-the-os for more information. -- Unmanaged memory: 5.33 GiB -- Worker memory limit: 7.45 GiB
2026-07-01 17:34:00,933 - distributed.worker.memory - WARNING - Worker is at 81% memory usage. Pausing worker.  Process memory: 6.04 GiB -- Worker memory limit: 7.45 GiB
2026-07-01 17:34:00,974 - distributed.worker.memory - WARNING - Worker is at 73% memory usage. Resuming worker. Process memory: 5.47 GiB -- Worker memory limit: 7.45 GiB
2026-07-01 17:34:01,157 - distributed.worker.memory - WARNING - Worker is at 80% memory usage. Pausing worker.  Process memory: 5.99 GiB -- Worker memory limit: 7.45 GiB
2026-07-01 17:34:01,258 - distributed.worker.memory - WARNING - Worker is at 76% memory usage. Resuming worker. Process memory: 5.72 GiB -- Worker memory limit: 7.45 GiB
2026-07-01 17:34:01,358 - distributed.worker.memory - WARNING - Worker is at 80% memory usage. Pausing worker.  Process memory: 5.97 GiB -- Worker memory limit: 7.45 GiB
2026-07-01 17:34:01,458 - distributed.worker.memory - WARNING - Worker is at 69% memory usage. Resuming worker. Process memory: 5.19 GiB -- Worker memory limit: 7.45 GiB
2026-07-01 17:34:35,357 - distributed.worker.memory - WARNING - Worker is at 81% memory usage. Pausing worker.  Process memory: 6.09 GiB -- Worker memory limit: 7.45 GiB
2026-07-01 17:34:35,557 - distributed.worker.memory - WARNING - Worker is at 76% memory usage. Resuming worker. Process memory: 5.73 GiB -- Worker memory limit: 7.45 GiB
2026-07-01 17:34:35,657 - distributed.worker.memory - WARNING - Worker is at 80% memory usage. Pausing worker.  Process memory: 5.99 GiB -- Worker memory limit: 7.45 GiB
2026-07-01 17:34:35,757 - distributed.worker.memory - WARNING - Worker is at 76% memory usage. Resuming worker. Process memory: 5.73 GiB -- Worker memory limit: 7.45 GiB
2026-07-01 17:34:35,958 - distributed.worker.memory - WARNING - Worker is at 83% memory usage. Pausing worker.  Process memory: 6.20 GiB -- Worker memory limit: 7.45 GiB
2026-07-01 17:34:36,057 - distributed.worker.memory - WARNING - Worker is at 72% memory usage. Resuming worker. Process memory: 5.40 GiB -- Worker memory limit: 7.45 GiB
2026-07-01 17:34:37,262 - distributed.worker.memory - WARNING - Worker is at 83% memory usage. Pausing worker.  Process memory: 6.25 GiB -- Worker memory limit: 7.45 GiB
2026-07-01 17:34:37,481 - distributed.worker.memory - WARNING - Worker is at 79% memory usage. Resuming worker. Process memory: 5.89 GiB -- Worker memory limit: 7.45 GiB
2026-07-01 17:34:39,295 - distributed.worker.memory - WARNING - Worker is at 84% memory usage. Pausing worker.  Process memory: 6.30 GiB -- Worker memory limit: 7.45 GiB
2026-07-01 17:34:41,025 - distributed.worker.memory - WARNING - Worker is at 65% memory usage. Resuming worker. Process memory: 4.85 GiB -- Worker memory limit: 7.45 GiB
2026-07-01 17:34:43,501 - distributed.worker.memory - WARNING - Worker is at 80% memory usage. Pausing worker.  Process memory: 5.99 GiB -- Worker memory limit: 7.45 GiB
2026-07-01 17:34:43,820 - distributed.worker.memory - WARNING - Worker is at 72% memory usage. Resuming worker. Process memory: 5.43 GiB -- Worker memory limit: 7.45 GiB
2026-07-01 17:35:08,506 - distributed.worker.memory - WARNING - Worker is at 81% memory usage. Pausing worker.  Process memory: 6.05 GiB -- Worker memory limit: 7.45 GiB
2026-07-01 17:35:08,757 - distributed.worker.memory - WARNING - Worker is at 76% memory usage. Resuming worker. Process memory: 5.72 GiB -- Worker memory limit: 7.45 GiB
2026-07-01 17:35:08,857 - distributed.worker.memory - WARNING - Worker is at 80% memory usage. Pausing worker.  Process memory: 5.99 GiB -- Worker memory limit: 7.45 GiB
2026-07-01 17:35:08,957 - distributed.worker.memory - WARNING - Worker is at 77% memory usage. Resuming worker. Process memory: 5.74 GiB -- Worker memory limit: 7.45 GiB
2026-07-01 17:35:09,057 - distributed.worker.memory - WARNING - Worker is at 80% memory usage. Pausing worker.  Process memory: 5.99 GiB -- Worker memory limit: 7.45 GiB
2026-07-01 17:35:09,257 - distributed.worker.memory - WARNING - Worker is at 73% memory usage. Resuming worker. Process memory: 5.45 GiB -- Worker memory limit: 7.45 GiB
2026-07-01 17:35:10,358 - distributed.worker.memory - WARNING - Worker is at 80% memory usage. Pausing worker.  Process memory: 5.96 GiB -- Worker memory limit: 7.45 GiB
2026-07-01 17:35:11,024 - distributed.worker.memory - WARNING - Worker is at 79% memory usage. Resuming worker. Process memory: 5.90 GiB -- Worker memory limit: 7.45 GiB
2026-07-01 17:35:11,741 - distributed.worker.memory - WARNING - Worker is at 80% memory usage. Pausing worker.  Process memory: 5.98 GiB -- Worker memory limit: 7.45 GiB
2026-07-01 17:35:12,042 - distributed.worker.memory - WARNING - Worker is at 75% memory usage. Resuming worker. Process memory: 5.61 GiB -- Worker memory limit: 7.45 GiB
2026-07-01 17:35:12,548 - distributed.worker.memory - WARNING - Worker is at 80% memory usage. Pausing worker.  Process memory: 6.03 GiB -- Worker memory limit: 7.45 GiB
2026-07-01 17:35:13,171 - distributed.worker.memory - WARNING - Worker is at 71% memory usage. Resuming worker. Process memory: 5.35 GiB -- Worker memory limit: 7.45 GiB
2026-07-01 17:35:17,170 - distributed.worker.memory - WARNING - Worker is at 83% memory usage. Pausing worker.  Process memory: 6.22 GiB -- Worker memory limit: 7.45 GiB
2026-07-01 17:35:18,178 - distributed.worker.memory - WARNING - Worker is at 79% memory usage. Resuming worker. Process memory: 5.93 GiB -- Worker memory limit: 7.45 GiB
2026-07-01 17:35:28,060 - distributed.worker.memory - WARNING - Worker is at 84% memory usage. Pausing worker.  Process memory: 6.30 GiB -- Worker memory limit: 7.45 GiB
2026-07-01 17:35:29,624 - distributed.worker.memory - WARNING - Worker is at 65% memory usage. Resuming worker. Process memory: 4.92 GiB -- Worker memory limit: 7.45 GiB
2026-07-01 17:35:37,394 - distributed.worker.memory - WARNING - Worker is at 88% memory usage. Pausing worker.  Process memory: 6.57 GiB -- Worker memory limit: 7.45 GiB
2026-07-01 17:35:38,229 - distributed.worker.memory - WARNING - Worker is at 79% memory usage. Resuming worker. Process memory: 5.94 GiB -- Worker memory limit: 7.45 GiB
/leonardo/pub/userexternal/ggiulian/local/lib/python3.13/site-packages/dask/_task_spec.py:767: FutureWarning: Usage of 'use_cftime' as a kwarg is deprecated. Please pass a 'CFDatetimeCoder' instance initialized with 'use_cftime' to the 'decode_times' kwarg instead.
Example usage:
    time_coder = xr.coders.CFDatetimeCoder(use_cftime=True)
    ds = xr.open_dataset(decode_times=time_coder)

  return self.func(*new_argspec, **kwargs)
/leonardo/pub/userexternal/ggiulian/local/lib/python3.13/site-packages/dask/_task_spec.py:767: FutureWarning: Usage of 'use_cftime' as a kwarg is deprecated. Please pass a 'CFDatetimeCoder' instance initialized with 'use_cftime' to the 'decode_times' kwarg instead.
Example usage:
    time_coder = xr.coders.CFDatetimeCoder(use_cftime=True)
    ds = xr.open_dataset(decode_times=time_coder)

  return self.func(*new_argspec, **kwargs)
/leonardo/pub/userexternal/ggiulian/local/lib/python3.13/site-packages/dask/_task_spec.py:767: FutureWarning: Usage of 'use_cftime' as a kwarg is deprecated. Please pass a 'CFDatetimeCoder' instance initialized with 'use_cftime' to the 'decode_times' kwarg instead.
Example usage:
    time_coder = xr.coders.CFDatetimeCoder(use_cftime=True)
    ds = xr.open_dataset(decode_times=time_coder)

  return self.func(*new_argspec, **kwargs)
/leonardo/pub/userexternal/ggiulian/local/lib/python3.13/site-packages/dask/_task_spec.py:767: FutureWarning: Usage of 'use_cftime' as a kwarg is deprecated. Please pass a 'CFDatetimeCoder' instance initialized with 'use_cftime' to the 'decode_times' kwarg instead.
Example usage:
    time_coder = xr.coders.CFDatetimeCoder(use_cftime=True)
    ds = xr.open_dataset(decode_times=time_coder)

  return self.func(*new_argspec, **kwargs)
/leonardo/pub/userexternal/ggiulian/local/lib/python3.13/site-packages/dask/_task_spec.py:767: FutureWarning: Usage of 'use_cftime' as a kwarg is deprecated. Please pass a 'CFDatetimeCoder' instance initialized with 'use_cftime' to the 'decode_times' kwarg instead.
Example usage:
    time_coder = xr.coders.CFDatetimeCoder(use_cftime=True)
    ds = xr.open_dataset(decode_times=time_coder)

  return self.func(*new_argspec, **kwargs)
/leonardo/pub/userexternal/ggiulian/local/lib/python3.13/site-packages/dask/_task_spec.py:767: FutureWarning: Usage of 'use_cftime' as a kwarg is deprecated. Please pass a 'CFDatetimeCoder' instance initialized with 'use_cftime' to the 'decode_times' kwarg instead.
Example usage:
    time_coder = xr.coders.CFDatetimeCoder(use_cftime=True)
    ds = xr.open_dataset(decode_times=time_coder)

  return self.func(*new_argspec, **kwargs)
2026-07-01 17:36:17,197 - distributed.worker.memory - WARNING - Unmanaged memory use is high. This may indicate a memory leak or the memory may not be released to the OS; see https://distributed.dask.org/en/latest/worker-memory.html#memory-not-released-back-to-the-os for more information. -- Unmanaged memory: 5.34 GiB -- Worker memory limit: 7.45 GiB
2026-07-01 17:36:54,271 - distributed.worker.memory - WARNING - Worker is at 80% memory usage. Pausing worker.  Process memory: 5.98 GiB -- Worker memory limit: 7.45 GiB
2026-07-01 17:36:54,470 - distributed.worker.memory - WARNING - Worker is at 73% memory usage. Resuming worker. Process memory: 5.50 GiB -- Worker memory limit: 7.45 GiB
2026-07-01 17:36:54,870 - distributed.worker.memory - WARNING - Worker is at 80% memory usage. Pausing worker.  Process memory: 5.99 GiB -- Worker memory limit: 7.45 GiB
2026-07-01 17:36:54,970 - distributed.worker.memory - WARNING - Worker is at 69% memory usage. Resuming worker. Process memory: 5.20 GiB -- Worker memory limit: 7.45 GiB
2026-07-01 17:37:28,501 - distributed.worker.memory - WARNING - Worker is at 81% memory usage. Pausing worker.  Process memory: 6.05 GiB -- Worker memory limit: 7.45 GiB
2026-07-01 17:37:28,675 - distributed.worker.memory - WARNING - Worker is at 75% memory usage. Resuming worker. Process memory: 5.65 GiB -- Worker memory limit: 7.45 GiB
2026-07-01 17:37:29,070 - distributed.worker.memory - WARNING - Worker is at 81% memory usage. Pausing worker.  Process memory: 6.10 GiB -- Worker memory limit: 7.45 GiB
2026-07-01 17:37:29,169 - distributed.worker.memory - WARNING - Worker is at 70% memory usage. Resuming worker. Process memory: 5.29 GiB -- Worker memory limit: 7.45 GiB
2026-07-01 17:37:30,760 - distributed.worker.memory - WARNING - Worker is at 82% memory usage. Pausing worker.  Process memory: 6.17 GiB -- Worker memory limit: 7.45 GiB
2026-07-01 17:37:31,079 - distributed.worker.memory - WARNING - Worker is at 78% memory usage. Resuming worker. Process memory: 5.82 GiB -- Worker memory limit: 7.45 GiB
2026-07-01 17:37:31,512 - distributed.worker.memory - WARNING - Worker is at 82% memory usage. Pausing worker.  Process memory: 6.17 GiB -- Worker memory limit: 7.45 GiB
2026-07-01 17:37:31,838 - distributed.worker.memory - WARNING - Worker is at 72% memory usage. Resuming worker. Process memory: 5.39 GiB -- Worker memory limit: 7.45 GiB
2026-07-01 17:37:34,944 - distributed.worker.memory - WARNING - Worker is at 85% memory usage. Pausing worker.  Process memory: 6.35 GiB -- Worker memory limit: 7.45 GiB
2026-07-01 17:37:35,727 - distributed.worker.memory - WARNING - Worker is at 77% memory usage. Resuming worker. Process memory: 5.79 GiB -- Worker memory limit: 7.45 GiB
2026-07-01 17:37:39,788 - distributed.worker.memory - WARNING - Worker is at 84% memory usage. Pausing worker.  Process memory: 6.30 GiB -- Worker memory limit: 7.45 GiB
2026-07-01 17:37:40,333 - distributed.worker.memory - WARNING - Worker is at 76% memory usage. Resuming worker. Process memory: 5.72 GiB -- Worker memory limit: 7.45 GiB
2026-07-01 17:37:41,999 - distributed.worker.memory - WARNING - Worker is at 80% memory usage. Pausing worker.  Process memory: 6.01 GiB -- Worker memory limit: 7.45 GiB
2026-07-01 17:37:42,394 - distributed.worker.memory - WARNING - Worker is at 71% memory usage. Resuming worker. Process memory: 5.30 GiB -- Worker memory limit: 7.45 GiB
2026-07-01 17:38:10,269 - distributed.worker.memory - WARNING - Worker is at 81% memory usage. Pausing worker.  Process memory: 6.08 GiB -- Worker memory limit: 7.45 GiB
2026-07-01 17:38:10,569 - distributed.worker.memory - WARNING - Worker is at 78% memory usage. Resuming worker. Process memory: 5.83 GiB -- Worker memory limit: 7.45 GiB
2026-07-01 17:38:10,670 - distributed.worker.memory - WARNING - Worker is at 82% memory usage. Pausing worker.  Process memory: 6.11 GiB -- Worker memory limit: 7.45 GiB
2026-07-01 17:38:10,770 - distributed.worker.memory - WARNING - Worker is at 78% memory usage. Resuming worker. Process memory: 5.85 GiB -- Worker memory limit: 7.45 GiB
2026-07-01 17:38:10,869 - distributed.worker.memory - WARNING - Worker is at 81% memory usage. Pausing worker.  Process memory: 6.10 GiB -- Worker memory limit: 7.45 GiB
2026-07-01 17:38:10,973 - distributed.worker.memory - WARNING - Worker is at 71% memory usage. Resuming worker. Process memory: 5.30 GiB -- Worker memory limit: 7.45 GiB
2026-07-01 17:38:12,131 - distributed.worker.memory - WARNING - Worker is at 82% memory usage. Pausing worker.  Process memory: 6.12 GiB -- Worker memory limit: 7.45 GiB
2026-07-01 17:38:12,838 - distributed.worker.memory - WARNING - Worker is at 76% memory usage. Resuming worker. Process memory: 5.71 GiB -- Worker memory limit: 7.45 GiB
2026-07-01 17:38:13,574 - distributed.worker.memory - WARNING - Worker is at 83% memory usage. Pausing worker.  Process memory: 6.24 GiB -- Worker memory limit: 7.45 GiB
2026-07-01 17:38:15,271 - distributed.worker.memory - WARNING - Worker is at 74% memory usage. Resuming worker. Process memory: 5.52 GiB -- Worker memory limit: 7.45 GiB
2026-07-01 17:38:17,517 - distributed.worker.memory - WARNING - Worker is at 87% memory usage. Pausing worker.  Process memory: 6.55 GiB -- Worker memory limit: 7.45 GiB
2026-07-01 17:38:17,891 - distributed.worker.memory - WARNING - Worker is at 76% memory usage. Resuming worker. Process memory: 5.68 GiB -- Worker memory limit: 7.45 GiB
2026-07-01 17:38:35,364 - distributed.worker.memory - WARNING - Worker is at 80% memory usage. Pausing worker.  Process memory: 6.00 GiB -- Worker memory limit: 7.45 GiB
2026-07-01 17:38:35,563 - distributed.worker.memory - WARNING - Worker is at 79% memory usage. Resuming worker. Process memory: 5.93 GiB -- Worker memory limit: 7.45 GiB
2026-07-01 17:38:35,703 - distributed.worker.memory - WARNING - Worker is at 81% memory usage. Pausing worker.  Process memory: 6.05 GiB -- Worker memory limit: 7.45 GiB
2026-07-01 17:38:35,930 - distributed.worker.memory - WARNING - Worker is at 75% memory usage. Resuming worker. Process memory: 5.60 GiB -- Worker memory limit: 7.45 GiB
/leonardo/pub/userexternal/ggiulian/local/lib/python3.13/site-packages/dask/_task_spec.py:767: FutureWarning: Usage of 'use_cftime' as a kwarg is deprecated. Please pass a 'CFDatetimeCoder' instance initialized with 'use_cftime' to the 'decode_times' kwarg instead.
Example usage:
    time_coder = xr.coders.CFDatetimeCoder(use_cftime=True)
    ds = xr.open_dataset(decode_times=time_coder)

  return self.func(*new_argspec, **kwargs)
/leonardo/pub/userexternal/ggiulian/local/lib/python3.13/site-packages/dask/_task_spec.py:767: FutureWarning: Usage of 'use_cftime' as a kwarg is deprecated. Please pass a 'CFDatetimeCoder' instance initialized with 'use_cftime' to the 'decode_times' kwarg instead.
Example usage:
    time_coder = xr.coders.CFDatetimeCoder(use_cftime=True)
    ds = xr.open_dataset(decode_times=time_coder)

  return self.func(*new_argspec, **kwargs)
/leonardo/pub/userexternal/ggiulian/local/lib/python3.13/site-packages/dask/_task_spec.py:767: FutureWarning: Usage of 'use_cftime' as a kwarg is deprecated. Please pass a 'CFDatetimeCoder' instance initialized with 'use_cftime' to the 'decode_times' kwarg instead.
Example usage:
    time_coder = xr.coders.CFDatetimeCoder(use_cftime=True)
    ds = xr.open_dataset(decode_times=time_coder)

  return self.func(*new_argspec, **kwargs)
/leonardo/pub/userexternal/ggiulian/local/lib/python3.13/site-packages/dask/_task_spec.py:767: FutureWarning: Usage of 'use_cftime' as a kwarg is deprecated. Please pass a 'CFDatetimeCoder' instance initialized with 'use_cftime' to the 'decode_times' kwarg instead.
Example usage:
    time_coder = xr.coders.CFDatetimeCoder(use_cftime=True)
    ds = xr.open_dataset(decode_times=time_coder)

  return self.func(*new_argspec, **kwargs)
/leonardo/pub/userexternal/ggiulian/local/lib/python3.13/site-packages/dask/_task_spec.py:767: FutureWarning: Usage of 'use_cftime' as a kwarg is deprecated. Please pass a 'CFDatetimeCoder' instance initialized with 'use_cftime' to the 'decode_times' kwarg instead.
Example usage:
    time_coder = xr.coders.CFDatetimeCoder(use_cftime=True)
    ds = xr.open_dataset(decode_times=time_coder)

  return self.func(*new_argspec, **kwargs)
/leonardo/pub/userexternal/ggiulian/local/lib/python3.13/site-packages/dask/_task_spec.py:767: FutureWarning: Usage of 'use_cftime' as a kwarg is deprecated. Please pass a 'CFDatetimeCoder' instance initialized with 'use_cftime' to the 'decode_times' kwarg instead.
Example usage:
    time_coder = xr.coders.CFDatetimeCoder(use_cftime=True)
    ds = xr.open_dataset(decode_times=time_coder)

  return self.func(*new_argspec, **kwargs)
2026-07-01 17:39:19,028 - distributed.worker.memory - WARNING - Unmanaged memory use is high. This may indicate a memory leak or the memory may not be released to the OS; see https://distributed.dask.org/en/latest/worker-memory.html#memory-not-released-back-to-the-os for more information. -- Unmanaged memory: 5.29 GiB -- Worker memory limit: 7.45 GiB
2026-07-01 17:39:57,519 - distributed.worker.memory - WARNING - Worker is at 80% memory usage. Pausing worker.  Process memory: 5.99 GiB -- Worker memory limit: 7.45 GiB
2026-07-01 17:39:57,593 - distributed.worker.memory - WARNING - Worker is at 73% memory usage. Resuming worker. Process memory: 5.51 GiB -- Worker memory limit: 7.45 GiB
2026-07-01 17:40:31,788 - distributed.worker.memory - WARNING - Worker is at 81% memory usage. Pausing worker.  Process memory: 6.07 GiB -- Worker memory limit: 7.45 GiB
2026-07-01 17:40:31,993 - distributed.worker.memory - WARNING - Worker is at 76% memory usage. Resuming worker. Process memory: 5.70 GiB -- Worker memory limit: 7.45 GiB
2026-07-01 17:40:32,093 - distributed.worker.memory - WARNING - Worker is at 80% memory usage. Pausing worker.  Process memory: 5.99 GiB -- Worker memory limit: 7.45 GiB
2026-07-01 17:40:32,194 - distributed.worker.memory - WARNING - Worker is at 76% memory usage. Resuming worker. Process memory: 5.73 GiB -- Worker memory limit: 7.45 GiB
2026-07-01 17:40:32,293 - distributed.worker.memory - WARNING - Worker is at 80% memory usage. Pausing worker.  Process memory: 5.98 GiB -- Worker memory limit: 7.45 GiB
2026-07-01 17:40:32,406 - distributed.worker.memory - WARNING - Worker is at 70% memory usage. Resuming worker. Process memory: 5.23 GiB -- Worker memory limit: 7.45 GiB
2026-07-01 17:40:36,081 - distributed.worker.memory - WARNING - Worker is at 82% memory usage. Pausing worker.  Process memory: 6.13 GiB -- Worker memory limit: 7.45 GiB
2026-07-01 17:40:36,533 - distributed.worker.memory - WARNING - Worker is at 70% memory usage. Resuming worker. Process memory: 5.24 GiB -- Worker memory limit: 7.45 GiB
2026-07-01 17:40:38,334 - distributed.worker.memory - WARNING - Worker is at 80% memory usage. Pausing worker.  Process memory: 5.98 GiB -- Worker memory limit: 7.45 GiB
2026-07-01 17:40:38,670 - distributed.worker.memory - WARNING - Worker is at 74% memory usage. Resuming worker. Process memory: 5.55 GiB -- Worker memory limit: 7.45 GiB
2026-07-01 17:40:42,563 - distributed.worker.memory - WARNING - Worker is at 82% memory usage. Pausing worker.  Process memory: 6.13 GiB -- Worker memory limit: 7.45 GiB
2026-07-01 17:40:43,156 - distributed.worker.memory - WARNING - Worker is at 78% memory usage. Resuming worker. Process memory: 5.83 GiB -- Worker memory limit: 7.45 GiB
2026-07-01 17:41:06,378 - distributed.worker.memory - WARNING - Worker is at 81% memory usage. Pausing worker.  Process memory: 6.10 GiB -- Worker memory limit: 7.45 GiB
2026-07-01 17:41:08,771 - distributed.worker.memory - WARNING - Worker is at 76% memory usage. Resuming worker. Process memory: 5.72 GiB -- Worker memory limit: 7.45 GiB
2026-07-01 17:41:13,553 - distributed.worker.memory - WARNING - Worker is at 84% memory usage. Pausing worker.  Process memory: 6.28 GiB -- Worker memory limit: 7.45 GiB
2026-07-01 17:41:14,093 - distributed.worker.memory - WARNING - Worker is at 71% memory usage. Resuming worker. Process memory: 5.34 GiB -- Worker memory limit: 7.45 GiB
/leonardo/pub/userexternal/ggiulian/local/lib/python3.13/site-packages/dask/_task_spec.py:767: FutureWarning: Usage of 'use_cftime' as a kwarg is deprecated. Please pass a 'CFDatetimeCoder' instance initialized with 'use_cftime' to the 'decode_times' kwarg instead.
Example usage:
    time_coder = xr.coders.CFDatetimeCoder(use_cftime=True)
    ds = xr.open_dataset(decode_times=time_coder)

  return self.func(*new_argspec, **kwargs)
/leonardo/pub/userexternal/ggiulian/local/lib/python3.13/site-packages/dask/_task_spec.py:767: FutureWarning: Usage of 'use_cftime' as a kwarg is deprecated. Please pass a 'CFDatetimeCoder' instance initialized with 'use_cftime' to the 'decode_times' kwarg instead.
Example usage:
    time_coder = xr.coders.CFDatetimeCoder(use_cftime=True)
    ds = xr.open_dataset(decode_times=time_coder)

  return self.func(*new_argspec, **kwargs)
/leonardo/pub/userexternal/ggiulian/local/lib/python3.13/site-packages/dask/_task_spec.py:767: FutureWarning: Usage of 'use_cftime' as a kwarg is deprecated. Please pass a 'CFDatetimeCoder' instance initialized with 'use_cftime' to the 'decode_times' kwarg instead.
Example usage:
    time_coder = xr.coders.CFDatetimeCoder(use_cftime=True)
    ds = xr.open_dataset(decode_times=time_coder)

  return self.func(*new_argspec, **kwargs)
/leonardo/pub/userexternal/ggiulian/local/lib/python3.13/site-packages/dask/_task_spec.py:767: FutureWarning: Usage of 'use_cftime' as a kwarg is deprecated. Please pass a 'CFDatetimeCoder' instance initialized with 'use_cftime' to the 'decode_times' kwarg instead.
Example usage:
    time_coder = xr.coders.CFDatetimeCoder(use_cftime=True)
    ds = xr.open_dataset(decode_times=time_coder)

  return self.func(*new_argspec, **kwargs)
/leonardo/pub/userexternal/ggiulian/local/lib/python3.13/site-packages/dask/_task_spec.py:767: FutureWarning: Usage of 'use_cftime' as a kwarg is deprecated. Please pass a 'CFDatetimeCoder' instance initialized with 'use_cftime' to the 'decode_times' kwarg instead.
Example usage:
    time_coder = xr.coders.CFDatetimeCoder(use_cftime=True)
    ds = xr.open_dataset(decode_times=time_coder)

  return self.func(*new_argspec, **kwargs)
/leonardo/pub/userexternal/ggiulian/local/lib/python3.13/site-packages/dask/_task_spec.py:767: FutureWarning: Usage of 'use_cftime' as a kwarg is deprecated. Please pass a 'CFDatetimeCoder' instance initialized with 'use_cftime' to the 'decode_times' kwarg instead.
Example usage:
    time_coder = xr.coders.CFDatetimeCoder(use_cftime=True)
    ds = xr.open_dataset(decode_times=time_coder)

  return self.func(*new_argspec, **kwargs)
2026-07-01 17:42:11,286 - distributed.worker.memory - WARNING - Unmanaged memory use is high. This may indicate a memory leak or the memory may not be released to the OS; see https://distributed.dask.org/en/latest/worker-memory.html#memory-not-released-back-to-the-os for more information. -- Unmanaged memory: 5.34 GiB -- Worker memory limit: 7.45 GiB
2026-07-01 17:42:48,050 - distributed.worker.memory - WARNING - Worker is at 80% memory usage. Pausing worker.  Process memory: 5.97 GiB -- Worker memory limit: 7.45 GiB
2026-07-01 17:42:48,222 - distributed.worker.memory - WARNING - Worker is at 74% memory usage. Resuming worker. Process memory: 5.52 GiB -- Worker memory limit: 7.45 GiB
2026-07-01 17:42:48,414 - distributed.worker.memory - WARNING - Worker is at 80% memory usage. Pausing worker.  Process memory: 6.03 GiB -- Worker memory limit: 7.45 GiB
2026-07-01 17:42:48,514 - distributed.worker.memory - WARNING - Worker is at 77% memory usage. Resuming worker. Process memory: 5.75 GiB -- Worker memory limit: 7.45 GiB
2026-07-01 17:42:48,614 - distributed.worker.memory - WARNING - Worker is at 80% memory usage. Pausing worker.  Process memory: 5.99 GiB -- Worker memory limit: 7.45 GiB
2026-07-01 17:42:48,713 - distributed.worker.memory - WARNING - Worker is at 69% memory usage. Resuming worker. Process memory: 5.19 GiB -- Worker memory limit: 7.45 GiB
2026-07-01 17:42:50,117 - distributed.worker.memory - WARNING - Worker is at 82% memory usage. Pausing worker.  Process memory: 6.11 GiB -- Worker memory limit: 7.45 GiB
2026-07-01 17:42:50,213 - distributed.worker.memory - WARNING - Worker is at 77% memory usage. Resuming worker. Process memory: 5.75 GiB -- Worker memory limit: 7.45 GiB
2026-07-01 17:43:56,200 - distributed.worker.memory - WARNING - Worker is at 81% memory usage. Pausing worker.  Process memory: 6.08 GiB -- Worker memory limit: 7.45 GiB
2026-07-01 17:43:56,520 - distributed.worker.memory - WARNING - Worker is at 78% memory usage. Resuming worker. Process memory: 5.87 GiB -- Worker memory limit: 7.45 GiB
2026-07-01 17:43:58,328 - distributed.worker.memory - WARNING - Worker is at 80% memory usage. Pausing worker.  Process memory: 5.99 GiB -- Worker memory limit: 7.45 GiB
2026-07-01 17:43:58,446 - distributed.worker.memory - WARNING - Worker is at 65% memory usage. Resuming worker. Process memory: 4.91 GiB -- Worker memory limit: 7.45 GiB
2026-07-01 17:43:59,792 - distributed.worker.memory - WARNING - Worker is at 80% memory usage. Pausing worker.  Process memory: 5.99 GiB -- Worker memory limit: 7.45 GiB
2026-07-01 17:44:01,135 - distributed.worker.memory - WARNING - Worker is at 79% memory usage. Resuming worker. Process memory: 5.91 GiB -- Worker memory limit: 7.45 GiB
2026-07-01 17:44:04,797 - distributed.worker.memory - WARNING - Worker is at 83% memory usage. Pausing worker.  Process memory: 6.24 GiB -- Worker memory limit: 7.45 GiB
2026-07-01 17:44:05,153 - distributed.worker.memory - WARNING - Worker is at 76% memory usage. Resuming worker. Process memory: 5.71 GiB -- Worker memory limit: 7.45 GiB
2026-07-01 17:44:07,226 - distributed.worker.memory - WARNING - Worker is at 88% memory usage. Pausing worker.  Process memory: 6.60 GiB -- Worker memory limit: 7.45 GiB
2026-07-01 17:44:07,587 - distributed.worker.memory - WARNING - Worker is at 77% memory usage. Resuming worker. Process memory: 5.81 GiB -- Worker memory limit: 7.45 GiB
2026-07-01 17:44:11,343 - distributed.worker.memory - WARNING - Worker is at 81% memory usage. Pausing worker.  Process memory: 6.07 GiB -- Worker memory limit: 7.45 GiB
2026-07-01 17:44:11,847 - distributed.worker.memory - WARNING - Worker is at 69% memory usage. Resuming worker. Process memory: 5.17 GiB -- Worker memory limit: 7.45 GiB
2026-07-01 17:44:14,426 - distributed.worker.memory - WARNING - Worker is at 93% memory usage. Pausing worker.  Process memory: 6.99 GiB -- Worker memory limit: 7.45 GiB
2026-07-01 17:44:15,226 - distributed.worker.memory - WARNING - Worker is at 71% memory usage. Resuming worker. Process memory: 5.34 GiB -- Worker memory limit: 7.45 GiB
2026-07-01 17:44:18,454 - distributed.worker.memory - WARNING - Worker is at 85% memory usage. Pausing worker.  Process memory: 6.35 GiB -- Worker memory limit: 7.45 GiB
2026-07-01 17:44:18,609 - distributed.worker.memory - WARNING - Worker is at 79% memory usage. Resuming worker. Process memory: 5.94 GiB -- Worker memory limit: 7.45 GiB
2026-07-01 17:44:19,218 - distributed.worker.memory - WARNING - Worker is at 80% memory usage. Pausing worker.  Process memory: 5.97 GiB -- Worker memory limit: 7.45 GiB
2026-07-01 17:44:19,626 - distributed.worker.memory - WARNING - Worker is at 67% memory usage. Resuming worker. Process memory: 5.00 GiB -- Worker memory limit: 7.45 GiB
/leonardo/pub/userexternal/ggiulian/local/lib/python3.13/site-packages/dask/_task_spec.py:767: FutureWarning: Usage of 'use_cftime' as a kwarg is deprecated. Please pass a 'CFDatetimeCoder' instance initialized with 'use_cftime' to the 'decode_times' kwarg instead.
Example usage:
    time_coder = xr.coders.CFDatetimeCoder(use_cftime=True)
    ds = xr.open_dataset(decode_times=time_coder)

  return self.func(*new_argspec, **kwargs)
/leonardo/pub/userexternal/ggiulian/local/lib/python3.13/site-packages/dask/_task_spec.py:767: FutureWarning: Usage of 'use_cftime' as a kwarg is deprecated. Please pass a 'CFDatetimeCoder' instance initialized with 'use_cftime' to the 'decode_times' kwarg instead.
Example usage:
    time_coder = xr.coders.CFDatetimeCoder(use_cftime=True)
    ds = xr.open_dataset(decode_times=time_coder)

  return self.func(*new_argspec, **kwargs)
/leonardo/pub/userexternal/ggiulian/local/lib/python3.13/site-packages/dask/_task_spec.py:767: FutureWarning: Usage of 'use_cftime' as a kwarg is deprecated. Please pass a 'CFDatetimeCoder' instance initialized with 'use_cftime' to the 'decode_times' kwarg instead.
Example usage:
    time_coder = xr.coders.CFDatetimeCoder(use_cftime=True)
    ds = xr.open_dataset(decode_times=time_coder)

  return self.func(*new_argspec, **kwargs)
/leonardo/pub/userexternal/ggiulian/local/lib/python3.13/site-packages/dask/_task_spec.py:767: FutureWarning: Usage of 'use_cftime' as a kwarg is deprecated. Please pass a 'CFDatetimeCoder' instance initialized with 'use_cftime' to the 'decode_times' kwarg instead.
Example usage:
    time_coder = xr.coders.CFDatetimeCoder(use_cftime=True)
    ds = xr.open_dataset(decode_times=time_coder)

  return self.func(*new_argspec, **kwargs)
/leonardo/pub/userexternal/ggiulian/local/lib/python3.13/site-packages/dask/_task_spec.py:767: FutureWarning: Usage of 'use_cftime' as a kwarg is deprecated. Please pass a 'CFDatetimeCoder' instance initialized with 'use_cftime' to the 'decode_times' kwarg instead.
Example usage:
    time_coder = xr.coders.CFDatetimeCoder(use_cftime=True)
    ds = xr.open_dataset(decode_times=time_coder)

  return self.func(*new_argspec, **kwargs)
/leonardo/pub/userexternal/ggiulian/local/lib/python3.13/site-packages/dask/_task_spec.py:767: FutureWarning: Usage of 'use_cftime' as a kwarg is deprecated. Please pass a 'CFDatetimeCoder' instance initialized with 'use_cftime' to the 'decode_times' kwarg instead.
Example usage:
    time_coder = xr.coders.CFDatetimeCoder(use_cftime=True)
    ds = xr.open_dataset(decode_times=time_coder)

  return self.func(*new_argspec, **kwargs)
2026-07-01 17:45:02,950 - distributed.worker.memory - WARNING - Unmanaged memory use is high. This may indicate a memory leak or the memory may not be released to the OS; see https://distributed.dask.org/en/latest/worker-memory.html#memory-not-released-back-to-the-os for more information. -- Unmanaged memory: 5.36 GiB -- Worker memory limit: 7.45 GiB
2026-07-01 17:46:25,530 - distributed.worker.memory - WARNING - Worker is at 80% memory usage. Pausing worker.  Process memory: 6.02 GiB -- Worker memory limit: 7.45 GiB
2026-07-01 17:46:26,333 - distributed.worker.memory - WARNING - Worker is at 69% memory usage. Resuming worker. Process memory: 5.18 GiB -- Worker memory limit: 7.45 GiB
2026-07-01 17:46:28,095 - distributed.worker.memory - WARNING - Worker is at 82% memory usage. Pausing worker.  Process memory: 6.16 GiB -- Worker memory limit: 7.45 GiB
2026-07-01 17:46:29,101 - distributed.worker.memory - WARNING - Worker is at 71% memory usage. Resuming worker. Process memory: 5.31 GiB -- Worker memory limit: 7.45 GiB
2026-07-01 17:46:56,799 - distributed.worker.memory - WARNING - Worker is at 81% memory usage. Pausing worker.  Process memory: 6.05 GiB -- Worker memory limit: 7.45 GiB
2026-07-01 17:46:57,222 - distributed.worker.memory - WARNING - Worker is at 75% memory usage. Resuming worker. Process memory: 5.64 GiB -- Worker memory limit: 7.45 GiB
2026-07-01 17:46:59,392 - distributed.worker.memory - WARNING - Worker is at 82% memory usage. Pausing worker.  Process memory: 6.11 GiB -- Worker memory limit: 7.45 GiB
2026-07-01 17:46:59,845 - distributed.worker.memory - WARNING - Worker is at 69% memory usage. Resuming worker. Process memory: 5.14 GiB -- Worker memory limit: 7.45 GiB
2026-07-01 17:47:03,990 - distributed.worker.memory - WARNING - Worker is at 80% memory usage. Pausing worker.  Process memory: 5.98 GiB -- Worker memory limit: 7.45 GiB
2026-07-01 17:47:04,432 - distributed.worker.memory - WARNING - Worker is at 76% memory usage. Resuming worker. Process memory: 5.69 GiB -- Worker memory limit: 7.45 GiB
2026-07-01 17:47:06,406 - distributed.worker.memory - WARNING - Worker is at 83% memory usage. Pausing worker.  Process memory: 6.22 GiB -- Worker memory limit: 7.45 GiB
2026-07-01 17:47:06,582 - distributed.worker.memory - WARNING - Worker is at 73% memory usage. Resuming worker. Process memory: 5.51 GiB -- Worker memory limit: 7.45 GiB
2026-07-01 17:47:08,527 - distributed.worker.memory - WARNING - Worker is at 82% memory usage. Pausing worker.  Process memory: 6.18 GiB -- Worker memory limit: 7.45 GiB
2026-07-01 17:47:08,950 - distributed.worker.memory - WARNING - Worker is at 74% memory usage. Resuming worker. Process memory: 5.51 GiB -- Worker memory limit: 7.45 GiB
2026-07-01 17:47:14,358 - distributed.worker.memory - WARNING - Worker is at 86% memory usage. Pausing worker.  Process memory: 6.44 GiB -- Worker memory limit: 7.45 GiB
2026-07-01 17:47:15,650 - distributed.worker.memory - WARNING - Worker is at 78% memory usage. Resuming worker. Process memory: 5.85 GiB -- Worker memory limit: 7.45 GiB
/leonardo/pub/userexternal/ggiulian/local/lib/python3.13/site-packages/dask/_task_spec.py:767: FutureWarning: Usage of 'use_cftime' as a kwarg is deprecated. Please pass a 'CFDatetimeCoder' instance initialized with 'use_cftime' to the 'decode_times' kwarg instead.
Example usage:
    time_coder = xr.coders.CFDatetimeCoder(use_cftime=True)
    ds = xr.open_dataset(decode_times=time_coder)

  return self.func(*new_argspec, **kwargs)
/leonardo/pub/userexternal/ggiulian/local/lib/python3.13/site-packages/dask/_task_spec.py:767: FutureWarning: Usage of 'use_cftime' as a kwarg is deprecated. Please pass a 'CFDatetimeCoder' instance initialized with 'use_cftime' to the 'decode_times' kwarg instead.
Example usage:
    time_coder = xr.coders.CFDatetimeCoder(use_cftime=True)
    ds = xr.open_dataset(decode_times=time_coder)

  return self.func(*new_argspec, **kwargs)
/leonardo/pub/userexternal/ggiulian/local/lib/python3.13/site-packages/dask/_task_spec.py:767: FutureWarning: Usage of 'use_cftime' as a kwarg is deprecated. Please pass a 'CFDatetimeCoder' instance initialized with 'use_cftime' to the 'decode_times' kwarg instead.
Example usage:
    time_coder = xr.coders.CFDatetimeCoder(use_cftime=True)
    ds = xr.open_dataset(decode_times=time_coder)

  return self.func(*new_argspec, **kwargs)
/leonardo/pub/userexternal/ggiulian/local/lib/python3.13/site-packages/dask/_task_spec.py:767: FutureWarning: Usage of 'use_cftime' as a kwarg is deprecated. Please pass a 'CFDatetimeCoder' instance initialized with 'use_cftime' to the 'decode_times' kwarg instead.
Example usage:
    time_coder = xr.coders.CFDatetimeCoder(use_cftime=True)
    ds = xr.open_dataset(decode_times=time_coder)

  return self.func(*new_argspec, **kwargs)
/leonardo/pub/userexternal/ggiulian/local/lib/python3.13/site-packages/dask/_task_spec.py:767: FutureWarning: Usage of 'use_cftime' as a kwarg is deprecated. Please pass a 'CFDatetimeCoder' instance initialized with 'use_cftime' to the 'decode_times' kwarg instead.
Example usage:
    time_coder = xr.coders.CFDatetimeCoder(use_cftime=True)
    ds = xr.open_dataset(decode_times=time_coder)

  return self.func(*new_argspec, **kwargs)
/leonardo/pub/userexternal/ggiulian/local/lib/python3.13/site-packages/dask/_task_spec.py:767: FutureWarning: Usage of 'use_cftime' as a kwarg is deprecated. Please pass a 'CFDatetimeCoder' instance initialized with 'use_cftime' to the 'decode_times' kwarg instead.
Example usage:
    time_coder = xr.coders.CFDatetimeCoder(use_cftime=True)
    ds = xr.open_dataset(decode_times=time_coder)

  return self.func(*new_argspec, **kwargs)
2026-07-01 17:48:02,694 - distributed.worker.memory - WARNING - Unmanaged memory use is high. This may indicate a memory leak or the memory may not be released to the OS; see https://distributed.dask.org/en/latest/worker-memory.html#memory-not-released-back-to-the-os for more information. -- Unmanaged memory: 5.37 GiB -- Worker memory limit: 7.45 GiB
2026-07-01 17:48:40,147 - distributed.worker.memory - WARNING - Worker is at 81% memory usage. Pausing worker.  Process memory: 6.06 GiB -- Worker memory limit: 7.45 GiB
2026-07-01 17:48:40,347 - distributed.worker.memory - WARNING - Worker is at 74% memory usage. Resuming worker. Process memory: 5.55 GiB -- Worker memory limit: 7.45 GiB
2026-07-01 17:48:44,804 - distributed.worker.memory - WARNING - Worker is at 83% memory usage. Pausing worker.  Process memory: 6.21 GiB -- Worker memory limit: 7.45 GiB
2026-07-01 17:48:45,282 - distributed.worker.memory - WARNING - Worker is at 73% memory usage. Resuming worker. Process memory: 5.49 GiB -- Worker memory limit: 7.45 GiB
2026-07-01 17:49:19,812 - distributed.worker.memory - WARNING - Worker is at 81% memory usage. Pausing worker.  Process memory: 6.05 GiB -- Worker memory limit: 7.45 GiB
2026-07-01 17:49:19,949 - distributed.worker.memory - WARNING - Worker is at 72% memory usage. Resuming worker. Process memory: 5.41 GiB -- Worker memory limit: 7.45 GiB
2026-07-01 17:49:26,404 - distributed.worker.memory - WARNING - Worker is at 81% memory usage. Pausing worker.  Process memory: 6.09 GiB -- Worker memory limit: 7.45 GiB
2026-07-01 17:49:26,510 - distributed.worker.memory - WARNING - Worker is at 72% memory usage. Resuming worker. Process memory: 5.40 GiB -- Worker memory limit: 7.45 GiB
2026-07-01 17:49:50,267 - distributed.worker.memory - WARNING - Worker is at 86% memory usage. Pausing worker.  Process memory: 6.44 GiB -- Worker memory limit: 7.45 GiB
2026-07-01 17:49:50,622 - distributed.worker.memory - WARNING - Worker is at 72% memory usage. Resuming worker. Process memory: 5.43 GiB -- Worker memory limit: 7.45 GiB
2026-07-01 17:49:51,366 - distributed.worker.memory - WARNING - Worker is at 81% memory usage. Pausing worker.  Process memory: 6.08 GiB -- Worker memory limit: 7.45 GiB
2026-07-01 17:49:52,259 - distributed.worker.memory - WARNING - Worker is at 72% memory usage. Resuming worker. Process memory: 5.36 GiB -- Worker memory limit: 7.45 GiB
2026-07-01 17:49:54,403 - distributed.worker.memory - WARNING - Worker is at 99% memory usage. Pausing worker.  Process memory: 7.38 GiB -- Worker memory limit: 7.45 GiB
2026-07-01 17:49:55,241 - distributed.worker.memory - WARNING - Worker is at 76% memory usage. Resuming worker. Process memory: 5.71 GiB -- Worker memory limit: 7.45 GiB
2026-07-01 17:50:01,806 - distributed.worker.memory - WARNING - Worker is at 89% memory usage. Pausing worker.  Process memory: 6.63 GiB -- Worker memory limit: 7.45 GiB
2026-07-01 17:50:02,538 - distributed.worker.memory - WARNING - Worker is at 75% memory usage. Resuming worker. Process memory: 5.65 GiB -- Worker memory limit: 7.45 GiB
2026-07-01 17:50:09,113 - distributed.worker.memory - WARNING - Worker is at 85% memory usage. Pausing worker.  Process memory: 6.39 GiB -- Worker memory limit: 7.45 GiB
2026-07-01 17:50:09,536 - distributed.worker.memory - WARNING - Worker is at 77% memory usage. Resuming worker. Process memory: 5.80 GiB -- Worker memory limit: 7.45 GiB
2026-07-01 17:50:10,731 - distributed.worker.memory - WARNING - Worker is at 80% memory usage. Pausing worker.  Process memory: 5.97 GiB -- Worker memory limit: 7.45 GiB
2026-07-01 17:50:12,020 - distributed.worker.memory - WARNING - Worker is at 78% memory usage. Resuming worker. Process memory: 5.83 GiB -- Worker memory limit: 7.45 GiB
2026-07-01 17:50:16,462 - distributed.worker.memory - WARNING - Worker is at 81% memory usage. Pausing worker.  Process memory: 6.09 GiB -- Worker memory limit: 7.45 GiB
2026-07-01 17:50:16,486 - distributed.worker.memory - WARNING - Worker is at 76% memory usage. Resuming worker. Process memory: 5.67 GiB -- Worker memory limit: 7.45 GiB
2026-07-01 17:50:17,653 - distributed.worker.memory - WARNING - Worker is at 83% memory usage. Pausing worker.  Process memory: 6.25 GiB -- Worker memory limit: 7.45 GiB
2026-07-01 17:50:18,386 - distributed.worker.memory - WARNING - Worker is at 75% memory usage. Resuming worker. Process memory: 5.62 GiB -- Worker memory limit: 7.45 GiB
/leonardo/pub/userexternal/ggiulian/local/lib/python3.13/site-packages/dask/_task_spec.py:767: FutureWarning: Usage of 'use_cftime' as a kwarg is deprecated. Please pass a 'CFDatetimeCoder' instance initialized with 'use_cftime' to the 'decode_times' kwarg instead.
Example usage:
    time_coder = xr.coders.CFDatetimeCoder(use_cftime=True)
    ds = xr.open_dataset(decode_times=time_coder)

  return self.func(*new_argspec, **kwargs)
/leonardo/pub/userexternal/ggiulian/local/lib/python3.13/site-packages/dask/_task_spec.py:767: FutureWarning: Usage of 'use_cftime' as a kwarg is deprecated. Please pass a 'CFDatetimeCoder' instance initialized with 'use_cftime' to the 'decode_times' kwarg instead.
Example usage:
    time_coder = xr.coders.CFDatetimeCoder(use_cftime=True)
    ds = xr.open_dataset(decode_times=time_coder)

  return self.func(*new_argspec, **kwargs)
/leonardo/pub/userexternal/ggiulian/local/lib/python3.13/site-packages/dask/_task_spec.py:767: FutureWarning: Usage of 'use_cftime' as a kwarg is deprecated. Please pass a 'CFDatetimeCoder' instance initialized with 'use_cftime' to the 'decode_times' kwarg instead.
Example usage:
    time_coder = xr.coders.CFDatetimeCoder(use_cftime=True)
    ds = xr.open_dataset(decode_times=time_coder)

  return self.func(*new_argspec, **kwargs)
/leonardo/pub/userexternal/ggiulian/local/lib/python3.13/site-packages/dask/_task_spec.py:767: FutureWarning: Usage of 'use_cftime' as a kwarg is deprecated. Please pass a 'CFDatetimeCoder' instance initialized with 'use_cftime' to the 'decode_times' kwarg instead.
Example usage:
    time_coder = xr.coders.CFDatetimeCoder(use_cftime=True)
    ds = xr.open_dataset(decode_times=time_coder)

  return self.func(*new_argspec, **kwargs)
/leonardo/pub/userexternal/ggiulian/local/lib/python3.13/site-packages/dask/_task_spec.py:767: FutureWarning: Usage of 'use_cftime' as a kwarg is deprecated. Please pass a 'CFDatetimeCoder' instance initialized with 'use_cftime' to the 'decode_times' kwarg instead.
Example usage:
    time_coder = xr.coders.CFDatetimeCoder(use_cftime=True)
    ds = xr.open_dataset(decode_times=time_coder)

  return self.func(*new_argspec, **kwargs)
/leonardo/pub/userexternal/ggiulian/local/lib/python3.13/site-packages/dask/_task_spec.py:767: FutureWarning: Usage of 'use_cftime' as a kwarg is deprecated. Please pass a 'CFDatetimeCoder' instance initialized with 'use_cftime' to the 'decode_times' kwarg instead.
Example usage:
    time_coder = xr.coders.CFDatetimeCoder(use_cftime=True)
    ds = xr.open_dataset(decode_times=time_coder)

  return self.func(*new_argspec, **kwargs)
2026-07-01 17:50:57,300 - distributed.worker.memory - WARNING - Unmanaged memory use is high. This may indicate a memory leak or the memory may not be released to the OS; see https://distributed.dask.org/en/latest/worker-memory.html#memory-not-released-back-to-the-os for more information. -- Unmanaged memory: 5.36 GiB -- Worker memory limit: 7.45 GiB
2026-07-01 17:51:35,045 - distributed.worker.memory - WARNING - Worker is at 80% memory usage. Pausing worker.  Process memory: 6.00 GiB -- Worker memory limit: 7.45 GiB
2026-07-01 17:51:35,091 - distributed.worker.memory - WARNING - Worker is at 73% memory usage. Resuming worker. Process memory: 5.44 GiB -- Worker memory limit: 7.45 GiB
2026-07-01 17:51:37,685 - distributed.worker.memory - WARNING - Worker is at 80% memory usage. Pausing worker.  Process memory: 6.01 GiB -- Worker memory limit: 7.45 GiB
2026-07-01 17:51:37,794 - distributed.worker.memory - WARNING - Worker is at 64% memory usage. Resuming worker. Process memory: 4.77 GiB -- Worker memory limit: 7.45 GiB
2026-07-01 17:51:38,708 - distributed.worker.memory - WARNING - Worker is at 80% memory usage. Pausing worker.  Process memory: 6.03 GiB -- Worker memory limit: 7.45 GiB
2026-07-01 17:51:39,132 - distributed.worker.memory - WARNING - Worker is at 79% memory usage. Resuming worker. Process memory: 5.96 GiB -- Worker memory limit: 7.45 GiB
2026-07-01 17:51:39,932 - distributed.worker.memory - WARNING - Worker is at 85% memory usage. Pausing worker.  Process memory: 6.36 GiB -- Worker memory limit: 7.45 GiB
2026-07-01 17:51:40,204 - distributed.worker.memory - WARNING - Worker is at 74% memory usage. Resuming worker. Process memory: 5.52 GiB -- Worker memory limit: 7.45 GiB
2026-07-01 17:51:42,719 - distributed.worker.memory - WARNING - Worker is at 91% memory usage. Pausing worker.  Process memory: 6.83 GiB -- Worker memory limit: 7.45 GiB
2026-07-01 17:51:43,435 - distributed.worker.memory - WARNING - Worker is at 72% memory usage. Resuming worker. Process memory: 5.42 GiB -- Worker memory limit: 7.45 GiB
2026-07-01 17:51:46,378 - distributed.worker.memory - WARNING - Worker is at 80% memory usage. Pausing worker.  Process memory: 5.96 GiB -- Worker memory limit: 7.45 GiB
2026-07-01 17:51:46,854 - distributed.worker.memory - WARNING - Worker is at 76% memory usage. Resuming worker. Process memory: 5.72 GiB -- Worker memory limit: 7.45 GiB
2026-07-01 17:52:11,269 - distributed.worker.memory - WARNING - Worker is at 82% memory usage. Pausing worker.  Process memory: 6.16 GiB -- Worker memory limit: 7.45 GiB
2026-07-01 17:52:11,469 - distributed.worker.memory - WARNING - Worker is at 76% memory usage. Resuming worker. Process memory: 5.70 GiB -- Worker memory limit: 7.45 GiB
2026-07-01 17:52:11,569 - distributed.worker.memory - WARNING - Worker is at 80% memory usage. Pausing worker.  Process memory: 5.99 GiB -- Worker memory limit: 7.45 GiB
2026-07-01 17:52:11,669 - distributed.worker.memory - WARNING - Worker is at 76% memory usage. Resuming worker. Process memory: 5.73 GiB -- Worker memory limit: 7.45 GiB
2026-07-01 17:52:11,769 - distributed.worker.memory - WARNING - Worker is at 80% memory usage. Pausing worker.  Process memory: 5.99 GiB -- Worker memory limit: 7.45 GiB
2026-07-01 17:52:11,905 - distributed.worker.memory - WARNING - Worker is at 71% memory usage. Resuming worker. Process memory: 5.30 GiB -- Worker memory limit: 7.45 GiB
2026-07-01 17:52:13,761 - distributed.worker.memory - WARNING - Worker is at 85% memory usage. Pausing worker.  Process memory: 6.33 GiB -- Worker memory limit: 7.45 GiB
2026-07-01 17:52:14,048 - distributed.worker.memory - WARNING - Worker is at 78% memory usage. Resuming worker. Process memory: 5.87 GiB -- Worker memory limit: 7.45 GiB
2026-07-01 17:52:15,208 - distributed.worker.memory - WARNING - Worker is at 85% memory usage. Pausing worker.  Process memory: 6.34 GiB -- Worker memory limit: 7.45 GiB
2026-07-01 17:52:15,588 - distributed.worker.memory - WARNING - Worker is at 75% memory usage. Resuming worker. Process memory: 5.66 GiB -- Worker memory limit: 7.45 GiB
2026-07-01 17:52:17,876 - distributed.worker.memory - WARNING - Worker is at 85% memory usage. Pausing worker.  Process memory: 6.38 GiB -- Worker memory limit: 7.45 GiB
2026-07-01 17:52:18,193 - distributed.worker.memory - WARNING - Worker is at 79% memory usage. Resuming worker. Process memory: 5.93 GiB -- Worker memory limit: 7.45 GiB
2026-07-01 17:52:22,453 - distributed.worker.memory - WARNING - Worker is at 85% memory usage. Pausing worker.  Process memory: 6.40 GiB -- Worker memory limit: 7.45 GiB
2026-07-01 17:52:22,899 - distributed.worker.memory - WARNING - Worker is at 74% memory usage. Resuming worker. Process memory: 5.56 GiB -- Worker memory limit: 7.45 GiB
2026-07-01 17:52:27,086 - distributed.worker.memory - WARNING - Worker is at 80% memory usage. Pausing worker.  Process memory: 6.03 GiB -- Worker memory limit: 7.45 GiB
2026-07-01 17:52:28,026 - distributed.worker.memory - WARNING - Worker is at 75% memory usage. Resuming worker. Process memory: 5.66 GiB -- Worker memory limit: 7.45 GiB
2026-07-01 17:52:49,234 - distributed.worker.memory - WARNING - Worker is at 80% memory usage. Pausing worker.  Process memory: 5.98 GiB -- Worker memory limit: 7.45 GiB
2026-07-01 17:52:49,275 - distributed.worker.memory - WARNING - Worker is at 72% memory usage. Resuming worker. Process memory: 5.39 GiB -- Worker memory limit: 7.45 GiB
2026-07-01 17:52:53,169 - distributed.worker.memory - WARNING - Worker is at 80% memory usage. Pausing worker.  Process memory: 6.01 GiB -- Worker memory limit: 7.45 GiB
2026-07-01 17:52:53,269 - distributed.worker.memory - WARNING - Worker is at 72% memory usage. Resuming worker. Process memory: 5.43 GiB -- Worker memory limit: 7.45 GiB
2026-07-01 17:52:55,284 - distributed.worker.memory - WARNING - Worker is at 87% memory usage. Pausing worker.  Process memory: 6.51 GiB -- Worker memory limit: 7.45 GiB
2026-07-01 17:52:55,643 - distributed.worker.memory - WARNING - Worker is at 75% memory usage. Resuming worker. Process memory: 5.63 GiB -- Worker memory limit: 7.45 GiB
/leonardo/pub/userexternal/ggiulian/local/lib/python3.13/site-packages/dask/_task_spec.py:767: FutureWarning: Usage of 'use_cftime' as a kwarg is deprecated. Please pass a 'CFDatetimeCoder' instance initialized with 'use_cftime' to the 'decode_times' kwarg instead.
Example usage:
    time_coder = xr.coders.CFDatetimeCoder(use_cftime=True)
    ds = xr.open_dataset(decode_times=time_coder)

  return self.func(*new_argspec, **kwargs)
/leonardo/pub/userexternal/ggiulian/local/lib/python3.13/site-packages/dask/_task_spec.py:767: FutureWarning: Usage of 'use_cftime' as a kwarg is deprecated. Please pass a 'CFDatetimeCoder' instance initialized with 'use_cftime' to the 'decode_times' kwarg instead.
Example usage:
    time_coder = xr.coders.CFDatetimeCoder(use_cftime=True)
    ds = xr.open_dataset(decode_times=time_coder)

  return self.func(*new_argspec, **kwargs)
/leonardo/pub/userexternal/ggiulian/local/lib/python3.13/site-packages/dask/_task_spec.py:767: FutureWarning: Usage of 'use_cftime' as a kwarg is deprecated. Please pass a 'CFDatetimeCoder' instance initialized with 'use_cftime' to the 'decode_times' kwarg instead.
Example usage:
    time_coder = xr.coders.CFDatetimeCoder(use_cftime=True)
    ds = xr.open_dataset(decode_times=time_coder)

  return self.func(*new_argspec, **kwargs)
/leonardo/pub/userexternal/ggiulian/local/lib/python3.13/site-packages/dask/_task_spec.py:767: FutureWarning: Usage of 'use_cftime' as a kwarg is deprecated. Please pass a 'CFDatetimeCoder' instance initialized with 'use_cftime' to the 'decode_times' kwarg instead.
Example usage:
    time_coder = xr.coders.CFDatetimeCoder(use_cftime=True)
    ds = xr.open_dataset(decode_times=time_coder)

  return self.func(*new_argspec, **kwargs)
/leonardo/pub/userexternal/ggiulian/local/lib/python3.13/site-packages/dask/_task_spec.py:767: FutureWarning: Usage of 'use_cftime' as a kwarg is deprecated. Please pass a 'CFDatetimeCoder' instance initialized with 'use_cftime' to the 'decode_times' kwarg instead.
Example usage:
    time_coder = xr.coders.CFDatetimeCoder(use_cftime=True)
    ds = xr.open_dataset(decode_times=time_coder)

  return self.func(*new_argspec, **kwargs)
/leonardo/pub/userexternal/ggiulian/local/lib/python3.13/site-packages/dask/_task_spec.py:767: FutureWarning: Usage of 'use_cftime' as a kwarg is deprecated. Please pass a 'CFDatetimeCoder' instance initialized with 'use_cftime' to the 'decode_times' kwarg instead.
Example usage:
    time_coder = xr.coders.CFDatetimeCoder(use_cftime=True)
    ds = xr.open_dataset(decode_times=time_coder)

  return self.func(*new_argspec, **kwargs)
2026-07-01 17:53:53,032 - distributed.worker.memory - WARNING - Unmanaged memory use is high. This may indicate a memory leak or the memory may not be released to the OS; see https://distributed.dask.org/en/latest/worker-memory.html#memory-not-released-back-to-the-os for more information. -- Unmanaged memory: 5.37 GiB -- Worker memory limit: 7.45 GiB
2026-07-01 17:54:28,766 - distributed.worker.memory - WARNING - Worker is at 80% memory usage. Pausing worker.  Process memory: 6.01 GiB -- Worker memory limit: 7.45 GiB
2026-07-01 17:54:28,806 - distributed.worker.memory - WARNING - Worker is at 72% memory usage. Resuming worker. Process memory: 5.41 GiB -- Worker memory limit: 7.45 GiB
2026-07-01 17:54:30,563 - distributed.worker.memory - WARNING - Worker is at 82% memory usage. Pausing worker.  Process memory: 6.17 GiB -- Worker memory limit: 7.45 GiB
2026-07-01 17:54:30,704 - distributed.worker.memory - WARNING - Worker is at 79% memory usage. Resuming worker. Process memory: 5.90 GiB -- Worker memory limit: 7.45 GiB
2026-07-01 17:54:35,954 - distributed.worker.memory - WARNING - Worker is at 82% memory usage. Pausing worker.  Process memory: 6.12 GiB -- Worker memory limit: 7.45 GiB
2026-07-01 17:54:36,279 - distributed.worker.memory - WARNING - Worker is at 74% memory usage. Resuming worker. Process memory: 5.58 GiB -- Worker memory limit: 7.45 GiB
2026-07-01 17:54:38,113 - distributed.worker.memory - WARNING - Worker is at 83% memory usage. Pausing worker.  Process memory: 6.19 GiB -- Worker memory limit: 7.45 GiB
2026-07-01 17:54:38,463 - distributed.worker.memory - WARNING - Worker is at 72% memory usage. Resuming worker. Process memory: 5.40 GiB -- Worker memory limit: 7.45 GiB
2026-07-01 17:55:03,304 - distributed.worker.memory - WARNING - Worker is at 80% memory usage. Pausing worker.  Process memory: 6.02 GiB -- Worker memory limit: 7.45 GiB
2026-07-01 17:55:03,704 - distributed.worker.memory - WARNING - Worker is at 76% memory usage. Resuming worker. Process memory: 5.73 GiB -- Worker memory limit: 7.45 GiB
2026-07-01 17:55:04,104 - distributed.worker.memory - WARNING - Worker is at 80% memory usage. Pausing worker.  Process memory: 6.03 GiB -- Worker memory limit: 7.45 GiB
2026-07-01 17:55:04,237 - distributed.worker.memory - WARNING - Worker is at 70% memory usage. Resuming worker. Process memory: 5.28 GiB -- Worker memory limit: 7.45 GiB
2026-07-01 17:55:05,831 - distributed.worker.memory - WARNING - Worker is at 83% memory usage. Pausing worker.  Process memory: 6.22 GiB -- Worker memory limit: 7.45 GiB
2026-07-01 17:55:06,140 - distributed.worker.memory - WARNING - Worker is at 75% memory usage. Resuming worker. Process memory: 5.63 GiB -- Worker memory limit: 7.45 GiB
2026-07-01 17:55:10,367 - distributed.worker.memory - WARNING - Worker is at 86% memory usage. Pausing worker.  Process memory: 6.45 GiB -- Worker memory limit: 7.45 GiB
2026-07-01 17:55:10,960 - distributed.worker.memory - WARNING - Worker is at 67% memory usage. Resuming worker. Process memory: 5.06 GiB -- Worker memory limit: 7.45 GiB
2026-07-01 17:55:14,542 - distributed.worker.memory - WARNING - Worker is at 85% memory usage. Pausing worker.  Process memory: 6.38 GiB -- Worker memory limit: 7.45 GiB
2026-07-01 17:55:14,878 - distributed.worker.memory - WARNING - Worker is at 72% memory usage. Resuming worker. Process memory: 5.38 GiB -- Worker memory limit: 7.45 GiB
2026-07-01 17:55:16,970 - distributed.worker.memory - WARNING - Worker is at 81% memory usage. Pausing worker.  Process memory: 6.09 GiB -- Worker memory limit: 7.45 GiB
2026-07-01 17:55:18,370 - distributed.worker.memory - WARNING - Worker is at 76% memory usage. Resuming worker. Process memory: 5.66 GiB -- Worker memory limit: 7.45 GiB
2026-07-01 17:55:44,787 - distributed.worker.memory - WARNING - Worker is at 81% memory usage. Pausing worker.  Process memory: 6.09 GiB -- Worker memory limit: 7.45 GiB
2026-07-01 17:55:45,104 - distributed.worker.memory - WARNING - Worker is at 79% memory usage. Resuming worker. Process memory: 5.95 GiB -- Worker memory limit: 7.45 GiB
2026-07-01 17:55:45,204 - distributed.worker.memory - WARNING - Worker is at 83% memory usage. Pausing worker.  Process memory: 6.21 GiB -- Worker memory limit: 7.45 GiB
2026-07-01 17:55:45,304 - distributed.worker.memory - WARNING - Worker is at 79% memory usage. Resuming worker. Process memory: 5.91 GiB -- Worker memory limit: 7.45 GiB
2026-07-01 17:55:45,405 - distributed.worker.memory - WARNING - Worker is at 82% memory usage. Pausing worker.  Process memory: 6.15 GiB -- Worker memory limit: 7.45 GiB
2026-07-01 17:55:45,604 - distributed.worker.memory - WARNING - Worker is at 74% memory usage. Resuming worker. Process memory: 5.57 GiB -- Worker memory limit: 7.45 GiB
2026-07-01 17:55:46,165 - distributed.worker.memory - WARNING - Worker is at 81% memory usage. Pausing worker.  Process memory: 6.05 GiB -- Worker memory limit: 7.45 GiB
2026-07-01 17:55:46,481 - distributed.worker.memory - WARNING - Worker is at 77% memory usage. Resuming worker. Process memory: 5.76 GiB -- Worker memory limit: 7.45 GiB
2026-07-01 17:55:46,750 - distributed.worker.memory - WARNING - Worker is at 84% memory usage. Pausing worker.  Process memory: 6.29 GiB -- Worker memory limit: 7.45 GiB
2026-07-01 17:55:46,805 - distributed.worker.memory - WARNING - Worker is at 79% memory usage. Resuming worker. Process memory: 5.92 GiB -- Worker memory limit: 7.45 GiB
2026-07-01 17:55:47,874 - distributed.worker.memory - WARNING - Worker is at 80% memory usage. Pausing worker.  Process memory: 5.96 GiB -- Worker memory limit: 7.45 GiB
2026-07-01 17:55:48,187 - distributed.worker.memory - WARNING - Worker is at 74% memory usage. Resuming worker. Process memory: 5.57 GiB -- Worker memory limit: 7.45 GiB
2026-07-01 17:55:51,122 - distributed.worker.memory - WARNING - Worker is at 80% memory usage. Pausing worker.  Process memory: 6.03 GiB -- Worker memory limit: 7.45 GiB
2026-07-01 17:55:51,523 - distributed.worker.memory - WARNING - Worker is at 65% memory usage. Resuming worker. Process memory: 4.89 GiB -- Worker memory limit: 7.45 GiB
2026-07-01 17:55:53,019 - distributed.worker.memory - WARNING - Worker is at 80% memory usage. Pausing worker.  Process memory: 6.00 GiB -- Worker memory limit: 7.45 GiB
2026-07-01 17:55:53,965 - distributed.worker.memory - WARNING - Worker is at 74% memory usage. Resuming worker. Process memory: 5.55 GiB -- Worker memory limit: 7.45 GiB
2026-07-01 17:55:56,108 - distributed.worker.memory - WARNING - Worker is at 85% memory usage. Pausing worker.  Process memory: 6.35 GiB -- Worker memory limit: 7.45 GiB
2026-07-01 17:55:56,405 - distributed.worker.memory - WARNING - Worker is at 76% memory usage. Resuming worker. Process memory: 5.73 GiB -- Worker memory limit: 7.45 GiB
/leonardo/pub/userexternal/ggiulian/local/lib/python3.13/site-packages/dask/_task_spec.py:767: FutureWarning: Usage of 'use_cftime' as a kwarg is deprecated. Please pass a 'CFDatetimeCoder' instance initialized with 'use_cftime' to the 'decode_times' kwarg instead.
Example usage:
    time_coder = xr.coders.CFDatetimeCoder(use_cftime=True)
    ds = xr.open_dataset(decode_times=time_coder)

  return self.func(*new_argspec, **kwargs)
/leonardo/pub/userexternal/ggiulian/local/lib/python3.13/site-packages/dask/_task_spec.py:767: FutureWarning: Usage of 'use_cftime' as a kwarg is deprecated. Please pass a 'CFDatetimeCoder' instance initialized with 'use_cftime' to the 'decode_times' kwarg instead.
Example usage:
    time_coder = xr.coders.CFDatetimeCoder(use_cftime=True)
    ds = xr.open_dataset(decode_times=time_coder)

  return self.func(*new_argspec, **kwargs)
/leonardo/pub/userexternal/ggiulian/local/lib/python3.13/site-packages/dask/_task_spec.py:767: FutureWarning: Usage of 'use_cftime' as a kwarg is deprecated. Please pass a 'CFDatetimeCoder' instance initialized with 'use_cftime' to the 'decode_times' kwarg instead.
Example usage:
    time_coder = xr.coders.CFDatetimeCoder(use_cftime=True)
    ds = xr.open_dataset(decode_times=time_coder)

  return self.func(*new_argspec, **kwargs)
/leonardo/pub/userexternal/ggiulian/local/lib/python3.13/site-packages/dask/_task_spec.py:767: FutureWarning: Usage of 'use_cftime' as a kwarg is deprecated. Please pass a 'CFDatetimeCoder' instance initialized with 'use_cftime' to the 'decode_times' kwarg instead.
Example usage:
    time_coder = xr.coders.CFDatetimeCoder(use_cftime=True)
    ds = xr.open_dataset(decode_times=time_coder)

  return self.func(*new_argspec, **kwargs)
/leonardo/pub/userexternal/ggiulian/local/lib/python3.13/site-packages/dask/_task_spec.py:767: FutureWarning: Usage of 'use_cftime' as a kwarg is deprecated. Please pass a 'CFDatetimeCoder' instance initialized with 'use_cftime' to the 'decode_times' kwarg instead.
Example usage:
    time_coder = xr.coders.CFDatetimeCoder(use_cftime=True)
    ds = xr.open_dataset(decode_times=time_coder)

  return self.func(*new_argspec, **kwargs)
/leonardo/pub/userexternal/ggiulian/local/lib/python3.13/site-packages/dask/_task_spec.py:767: FutureWarning: Usage of 'use_cftime' as a kwarg is deprecated. Please pass a 'CFDatetimeCoder' instance initialized with 'use_cftime' to the 'decode_times' kwarg instead.
Example usage:
    time_coder = xr.coders.CFDatetimeCoder(use_cftime=True)
    ds = xr.open_dataset(decode_times=time_coder)

  return self.func(*new_argspec, **kwargs)
2026-07-01 17:56:55,179 - distributed.worker.memory - WARNING - Unmanaged memory use is high. This may indicate a memory leak or the memory may not be released to the OS; see https://distributed.dask.org/en/latest/worker-memory.html#memory-not-released-back-to-the-os for more information. -- Unmanaged memory: 5.36 GiB -- Worker memory limit: 7.45 GiB
2026-07-01 17:57:31,677 - distributed.worker.memory - WARNING - Worker is at 80% memory usage. Pausing worker.  Process memory: 5.97 GiB -- Worker memory limit: 7.45 GiB
2026-07-01 17:57:31,905 - distributed.worker.memory - WARNING - Worker is at 75% memory usage. Resuming worker. Process memory: 5.62 GiB -- Worker memory limit: 7.45 GiB
2026-07-01 17:57:33,540 - distributed.worker.memory - WARNING - Worker is at 82% memory usage. Pausing worker.  Process memory: 6.13 GiB -- Worker memory limit: 7.45 GiB
2026-07-01 17:57:33,633 - distributed.worker.memory - WARNING - Worker is at 78% memory usage. Resuming worker. Process memory: 5.86 GiB -- Worker memory limit: 7.45 GiB
2026-07-01 17:57:44,991 - distributed.worker.memory - WARNING - Worker is at 80% memory usage. Pausing worker.  Process memory: 6.00 GiB -- Worker memory limit: 7.45 GiB
2026-07-01 17:57:45,116 - distributed.worker.memory - WARNING - Worker is at 76% memory usage. Resuming worker. Process memory: 5.69 GiB -- Worker memory limit: 7.45 GiB
2026-07-01 17:58:05,944 - distributed.worker.memory - WARNING - Worker is at 82% memory usage. Pausing worker.  Process memory: 6.15 GiB -- Worker memory limit: 7.45 GiB
2026-07-01 17:58:06,117 - distributed.worker.memory - WARNING - Worker is at 76% memory usage. Resuming worker. Process memory: 5.67 GiB -- Worker memory limit: 7.45 GiB
2026-07-01 17:58:06,306 - distributed.worker.memory - WARNING - Worker is at 83% memory usage. Pausing worker.  Process memory: 6.19 GiB -- Worker memory limit: 7.45 GiB
2026-07-01 17:58:06,406 - distributed.worker.memory - WARNING - Worker is at 79% memory usage. Resuming worker. Process memory: 5.90 GiB -- Worker memory limit: 7.45 GiB
2026-07-01 17:58:06,506 - distributed.worker.memory - WARNING - Worker is at 82% memory usage. Pausing worker.  Process memory: 6.16 GiB -- Worker memory limit: 7.45 GiB
2026-07-01 17:58:06,606 - distributed.worker.memory - WARNING - Worker is at 72% memory usage. Resuming worker. Process memory: 5.37 GiB -- Worker memory limit: 7.45 GiB
2026-07-01 17:58:10,002 - distributed.worker.memory - WARNING - Worker is at 80% memory usage. Pausing worker.  Process memory: 6.00 GiB -- Worker memory limit: 7.45 GiB
2026-07-01 17:58:10,133 - distributed.worker.memory - WARNING - Worker is at 72% memory usage. Resuming worker. Process memory: 5.37 GiB -- Worker memory limit: 7.45 GiB
2026-07-01 17:58:38,804 - distributed.worker.memory - WARNING - Worker is at 81% memory usage. Pausing worker.  Process memory: 6.09 GiB -- Worker memory limit: 7.45 GiB
2026-07-01 17:58:39,106 - distributed.worker.memory - WARNING - Worker is at 79% memory usage. Resuming worker. Process memory: 5.92 GiB -- Worker memory limit: 7.45 GiB
2026-07-01 17:58:39,206 - distributed.worker.memory - WARNING - Worker is at 83% memory usage. Pausing worker.  Process memory: 6.20 GiB -- Worker memory limit: 7.45 GiB
2026-07-01 17:58:39,306 - distributed.worker.memory - WARNING - Worker is at 79% memory usage. Resuming worker. Process memory: 5.94 GiB -- Worker memory limit: 7.45 GiB
2026-07-01 17:58:39,407 - distributed.worker.memory - WARNING - Worker is at 83% memory usage. Pausing worker.  Process memory: 6.21 GiB -- Worker memory limit: 7.45 GiB
2026-07-01 17:58:39,506 - distributed.worker.memory - WARNING - Worker is at 72% memory usage. Resuming worker. Process memory: 5.41 GiB -- Worker memory limit: 7.45 GiB
2026-07-01 17:58:40,133 - distributed.worker.memory - WARNING - Worker is at 80% memory usage. Pausing worker.  Process memory: 5.98 GiB -- Worker memory limit: 7.45 GiB
2026-07-01 17:58:40,519 - distributed.worker.memory - WARNING - Worker is at 74% memory usage. Resuming worker. Process memory: 5.59 GiB -- Worker memory limit: 7.45 GiB
2026-07-01 17:58:40,897 - distributed.worker.memory - WARNING - Worker is at 84% memory usage. Pausing worker.  Process memory: 6.30 GiB -- Worker memory limit: 7.45 GiB
2026-07-01 17:58:41,034 - distributed.worker.memory - WARNING - Worker is at 77% memory usage. Resuming worker. Process memory: 5.74 GiB -- Worker memory limit: 7.45 GiB
2026-07-01 17:58:42,762 - distributed.worker.memory - WARNING - Worker is at 81% memory usage. Pausing worker.  Process memory: 6.07 GiB -- Worker memory limit: 7.45 GiB
2026-07-01 17:58:43,191 - distributed.worker.memory - WARNING - Worker is at 79% memory usage. Resuming worker. Process memory: 5.91 GiB -- Worker memory limit: 7.45 GiB
2026-07-01 17:58:43,523 - distributed.worker.memory - WARNING - Worker is at 81% memory usage. Pausing worker.  Process memory: 6.06 GiB -- Worker memory limit: 7.45 GiB
2026-07-01 17:58:43,852 - distributed.worker.memory - WARNING - Worker is at 73% memory usage. Resuming worker. Process memory: 5.48 GiB -- Worker memory limit: 7.45 GiB
2026-07-01 17:58:45,907 - distributed.worker.memory - WARNING - Worker is at 80% memory usage. Pausing worker.  Process memory: 5.99 GiB -- Worker memory limit: 7.45 GiB
2026-07-01 17:58:46,228 - distributed.worker.memory - WARNING - Worker is at 69% memory usage. Resuming worker. Process memory: 5.15 GiB -- Worker memory limit: 7.45 GiB
2026-07-01 17:58:47,347 - distributed.worker.memory - WARNING - Worker is at 83% memory usage. Pausing worker.  Process memory: 6.23 GiB -- Worker memory limit: 7.45 GiB
2026-07-01 17:58:48,852 - distributed.worker.memory - WARNING - Worker is at 79% memory usage. Resuming worker. Process memory: 5.90 GiB -- Worker memory limit: 7.45 GiB
2026-07-01 17:58:50,049 - distributed.worker.memory - WARNING - Worker is at 81% memory usage. Pausing worker.  Process memory: 6.06 GiB -- Worker memory limit: 7.45 GiB
2026-07-01 17:58:50,523 - distributed.worker.memory - WARNING - Worker is at 70% memory usage. Resuming worker. Process memory: 5.27 GiB -- Worker memory limit: 7.45 GiB
2026-07-01 17:59:03,540 - distributed.worker.memory - WARNING - Worker is at 81% memory usage. Pausing worker.  Process memory: 6.04 GiB -- Worker memory limit: 7.45 GiB
2026-07-01 17:59:03,878 - distributed.worker.memory - WARNING - Worker is at 67% memory usage. Resuming worker. Process memory: 5.05 GiB -- Worker memory limit: 7.45 GiB
/leonardo/pub/userexternal/ggiulian/local/lib/python3.13/site-packages/dask/_task_spec.py:767: FutureWarning: Usage of 'use_cftime' as a kwarg is deprecated. Please pass a 'CFDatetimeCoder' instance initialized with 'use_cftime' to the 'decode_times' kwarg instead.
Example usage:
    time_coder = xr.coders.CFDatetimeCoder(use_cftime=True)
    ds = xr.open_dataset(decode_times=time_coder)

  return self.func(*new_argspec, **kwargs)
/leonardo/pub/userexternal/ggiulian/local/lib/python3.13/site-packages/dask/_task_spec.py:767: FutureWarning: Usage of 'use_cftime' as a kwarg is deprecated. Please pass a 'CFDatetimeCoder' instance initialized with 'use_cftime' to the 'decode_times' kwarg instead.
Example usage:
    time_coder = xr.coders.CFDatetimeCoder(use_cftime=True)
    ds = xr.open_dataset(decode_times=time_coder)

  return self.func(*new_argspec, **kwargs)
/leonardo/pub/userexternal/ggiulian/local/lib/python3.13/site-packages/dask/_task_spec.py:767: FutureWarning: Usage of 'use_cftime' as a kwarg is deprecated. Please pass a 'CFDatetimeCoder' instance initialized with 'use_cftime' to the 'decode_times' kwarg instead.
Example usage:
    time_coder = xr.coders.CFDatetimeCoder(use_cftime=True)
    ds = xr.open_dataset(decode_times=time_coder)

  return self.func(*new_argspec, **kwargs)
/leonardo/pub/userexternal/ggiulian/local/lib/python3.13/site-packages/dask/_task_spec.py:767: FutureWarning: Usage of 'use_cftime' as a kwarg is deprecated. Please pass a 'CFDatetimeCoder' instance initialized with 'use_cftime' to the 'decode_times' kwarg instead.
Example usage:
    time_coder = xr.coders.CFDatetimeCoder(use_cftime=True)
    ds = xr.open_dataset(decode_times=time_coder)

  return self.func(*new_argspec, **kwargs)
/leonardo/pub/userexternal/ggiulian/local/lib/python3.13/site-packages/dask/_task_spec.py:767: FutureWarning: Usage of 'use_cftime' as a kwarg is deprecated. Please pass a 'CFDatetimeCoder' instance initialized with 'use_cftime' to the 'decode_times' kwarg instead.
Example usage:
    time_coder = xr.coders.CFDatetimeCoder(use_cftime=True)
    ds = xr.open_dataset(decode_times=time_coder)

  return self.func(*new_argspec, **kwargs)
/leonardo/pub/userexternal/ggiulian/local/lib/python3.13/site-packages/dask/_task_spec.py:767: FutureWarning: Usage of 'use_cftime' as a kwarg is deprecated. Please pass a 'CFDatetimeCoder' instance initialized with 'use_cftime' to the 'decode_times' kwarg instead.
Example usage:
    time_coder = xr.coders.CFDatetimeCoder(use_cftime=True)
    ds = xr.open_dataset(decode_times=time_coder)

  return self.func(*new_argspec, **kwargs)
2026-07-01 17:59:43,306 - distributed.worker.memory - WARNING - Unmanaged memory use is high. This may indicate a memory leak or the memory may not be released to the OS; see https://distributed.dask.org/en/latest/worker-memory.html#memory-not-released-back-to-the-os for more information. -- Unmanaged memory: 5.33 GiB -- Worker memory limit: 7.45 GiB
2026-07-01 18:01:06,849 - distributed.worker.memory - WARNING - Worker is at 80% memory usage. Pausing worker.  Process memory: 5.99 GiB -- Worker memory limit: 7.45 GiB
2026-07-01 18:01:07,356 - distributed.worker.memory - WARNING - Worker is at 71% memory usage. Resuming worker. Process memory: 5.36 GiB -- Worker memory limit: 7.45 GiB
/leonardo/pub/userexternal/ggiulian/local/lib/python3.13/site-packages/dask/_task_spec.py:767: FutureWarning: Usage of 'use_cftime' as a kwarg is deprecated. Please pass a 'CFDatetimeCoder' instance initialized with 'use_cftime' to the 'decode_times' kwarg instead.
Example usage:
    time_coder = xr.coders.CFDatetimeCoder(use_cftime=True)
    ds = xr.open_dataset(decode_times=time_coder)

  return self.func(*new_argspec, **kwargs)
/leonardo/pub/userexternal/ggiulian/local/lib/python3.13/site-packages/dask/_task_spec.py:767: FutureWarning: Usage of 'use_cftime' as a kwarg is deprecated. Please pass a 'CFDatetimeCoder' instance initialized with 'use_cftime' to the 'decode_times' kwarg instead.
Example usage:
    time_coder = xr.coders.CFDatetimeCoder(use_cftime=True)
    ds = xr.open_dataset(decode_times=time_coder)

  return self.func(*new_argspec, **kwargs)
/leonardo/pub/userexternal/ggiulian/local/lib/python3.13/site-packages/dask/_task_spec.py:767: FutureWarning: Usage of 'use_cftime' as a kwarg is deprecated. Please pass a 'CFDatetimeCoder' instance initialized with 'use_cftime' to the 'decode_times' kwarg instead.
Example usage:
    time_coder = xr.coders.CFDatetimeCoder(use_cftime=True)
    ds = xr.open_dataset(decode_times=time_coder)

  return self.func(*new_argspec, **kwargs)
/leonardo/pub/userexternal/ggiulian/local/lib/python3.13/site-packages/dask/_task_spec.py:767: FutureWarning: Usage of 'use_cftime' as a kwarg is deprecated. Please pass a 'CFDatetimeCoder' instance initialized with 'use_cftime' to the 'decode_times' kwarg instead.
Example usage:
    time_coder = xr.coders.CFDatetimeCoder(use_cftime=True)
    ds = xr.open_dataset(decode_times=time_coder)

  return self.func(*new_argspec, **kwargs)
/leonardo/pub/userexternal/ggiulian/local/lib/python3.13/site-packages/dask/_task_spec.py:767: FutureWarning: Usage of 'use_cftime' as a kwarg is deprecated. Please pass a 'CFDatetimeCoder' instance initialized with 'use_cftime' to the 'decode_times' kwarg instead.
Example usage:
    time_coder = xr.coders.CFDatetimeCoder(use_cftime=True)
    ds = xr.open_dataset(decode_times=time_coder)

  return self.func(*new_argspec, **kwargs)
/leonardo/pub/userexternal/ggiulian/local/lib/python3.13/site-packages/dask/_task_spec.py:767: FutureWarning: Usage of 'use_cftime' as a kwarg is deprecated. Please pass a 'CFDatetimeCoder' instance initialized with 'use_cftime' to the 'decode_times' kwarg instead.
Example usage:
    time_coder = xr.coders.CFDatetimeCoder(use_cftime=True)
    ds = xr.open_dataset(decode_times=time_coder)

  return self.func(*new_argspec, **kwargs)
2026-07-01 18:02:30,414 - distributed.worker.memory - WARNING - Unmanaged memory use is high. This may indicate a memory leak or the memory may not be released to the OS; see https://distributed.dask.org/en/latest/worker-memory.html#memory-not-released-back-to-the-os for more information. -- Unmanaged memory: 5.27 GiB -- Worker memory limit: 7.45 GiB
2026-07-01 18:03:06,187 - distributed.worker.memory - WARNING - Worker is at 81% memory usage. Pausing worker.  Process memory: 6.09 GiB -- Worker memory limit: 7.45 GiB
2026-07-01 18:03:06,388 - distributed.worker.memory - WARNING - Worker is at 76% memory usage. Resuming worker. Process memory: 5.69 GiB -- Worker memory limit: 7.45 GiB
2026-07-01 18:03:08,649 - distributed.worker.memory - WARNING - Worker is at 88% memory usage. Pausing worker.  Process memory: 6.58 GiB -- Worker memory limit: 7.45 GiB
2026-07-01 18:03:09,041 - distributed.worker.memory - WARNING - Worker is at 75% memory usage. Resuming worker. Process memory: 5.64 GiB -- Worker memory limit: 7.45 GiB
2026-07-01 18:03:13,514 - distributed.worker.memory - WARNING - Worker is at 82% memory usage. Pausing worker.  Process memory: 6.18 GiB -- Worker memory limit: 7.45 GiB
2026-07-01 18:03:14,583 - distributed.worker.memory - WARNING - Worker is at 73% memory usage. Resuming worker. Process memory: 5.48 GiB -- Worker memory limit: 7.45 GiB
2026-07-01 18:03:15,734 - distributed.worker.memory - WARNING - Worker is at 82% memory usage. Pausing worker.  Process memory: 6.16 GiB -- Worker memory limit: 7.45 GiB
2026-07-01 18:03:16,075 - distributed.worker.memory - WARNING - Worker is at 72% memory usage. Resuming worker. Process memory: 5.42 GiB -- Worker memory limit: 7.45 GiB
2026-07-01 18:03:48,055 - distributed.worker.memory - WARNING - Worker is at 80% memory usage. Pausing worker.  Process memory: 6.03 GiB -- Worker memory limit: 7.45 GiB
2026-07-01 18:03:48,390 - distributed.worker.memory - WARNING - Worker is at 73% memory usage. Resuming worker. Process memory: 5.49 GiB -- Worker memory limit: 7.45 GiB
/leonardo/pub/userexternal/ggiulian/local/lib/python3.13/site-packages/dask/_task_spec.py:767: FutureWarning: Usage of 'use_cftime' as a kwarg is deprecated. Please pass a 'CFDatetimeCoder' instance initialized with 'use_cftime' to the 'decode_times' kwarg instead.
Example usage:
    time_coder = xr.coders.CFDatetimeCoder(use_cftime=True)
    ds = xr.open_dataset(decode_times=time_coder)

  return self.func(*new_argspec, **kwargs)
/leonardo/pub/userexternal/ggiulian/local/lib/python3.13/site-packages/dask/_task_spec.py:767: FutureWarning: Usage of 'use_cftime' as a kwarg is deprecated. Please pass a 'CFDatetimeCoder' instance initialized with 'use_cftime' to the 'decode_times' kwarg instead.
Example usage:
    time_coder = xr.coders.CFDatetimeCoder(use_cftime=True)
    ds = xr.open_dataset(decode_times=time_coder)

  return self.func(*new_argspec, **kwargs)
/leonardo/pub/userexternal/ggiulian/local/lib/python3.13/site-packages/dask/_task_spec.py:767: FutureWarning: Usage of 'use_cftime' as a kwarg is deprecated. Please pass a 'CFDatetimeCoder' instance initialized with 'use_cftime' to the 'decode_times' kwarg instead.
Example usage:
    time_coder = xr.coders.CFDatetimeCoder(use_cftime=True)
    ds = xr.open_dataset(decode_times=time_coder)

  return self.func(*new_argspec, **kwargs)
/leonardo/pub/userexternal/ggiulian/local/lib/python3.13/site-packages/dask/_task_spec.py:767: FutureWarning: Usage of 'use_cftime' as a kwarg is deprecated. Please pass a 'CFDatetimeCoder' instance initialized with 'use_cftime' to the 'decode_times' kwarg instead.
Example usage:
    time_coder = xr.coders.CFDatetimeCoder(use_cftime=True)
    ds = xr.open_dataset(decode_times=time_coder)

  return self.func(*new_argspec, **kwargs)
/leonardo/pub/userexternal/ggiulian/local/lib/python3.13/site-packages/dask/_task_spec.py:767: FutureWarning: Usage of 'use_cftime' as a kwarg is deprecated. Please pass a 'CFDatetimeCoder' instance initialized with 'use_cftime' to the 'decode_times' kwarg instead.
Example usage:
    time_coder = xr.coders.CFDatetimeCoder(use_cftime=True)
    ds = xr.open_dataset(decode_times=time_coder)

  return self.func(*new_argspec, **kwargs)
/leonardo/pub/userexternal/ggiulian/local/lib/python3.13/site-packages/dask/_task_spec.py:767: FutureWarning: Usage of 'use_cftime' as a kwarg is deprecated. Please pass a 'CFDatetimeCoder' instance initialized with 'use_cftime' to the 'decode_times' kwarg instead.
Example usage:
    time_coder = xr.coders.CFDatetimeCoder(use_cftime=True)
    ds = xr.open_dataset(decode_times=time_coder)

  return self.func(*new_argspec, **kwargs)
2026-07-01 18:05:17,108 - distributed.worker.memory - WARNING - Unmanaged memory use is high. This may indicate a memory leak or the memory may not be released to the OS; see https://distributed.dask.org/en/latest/worker-memory.html#memory-not-released-back-to-the-os for more information. -- Unmanaged memory: 5.36 GiB -- Worker memory limit: 7.45 GiB
2026-07-01 18:05:53,459 - distributed.worker.memory - WARNING - Worker is at 81% memory usage. Pausing worker.  Process memory: 6.10 GiB -- Worker memory limit: 7.45 GiB
2026-07-01 18:05:53,563 - distributed.worker.memory - WARNING - Worker is at 75% memory usage. Resuming worker. Process memory: 5.64 GiB -- Worker memory limit: 7.45 GiB
2026-07-01 18:05:55,392 - distributed.worker.memory - WARNING - Worker is at 80% memory usage. Pausing worker.  Process memory: 5.98 GiB -- Worker memory limit: 7.45 GiB
2026-07-01 18:05:55,463 - distributed.worker.memory - WARNING - Worker is at 75% memory usage. Resuming worker. Process memory: 5.61 GiB -- Worker memory limit: 7.45 GiB
2026-07-01 18:05:58,699 - distributed.worker.memory - WARNING - Worker is at 93% memory usage. Pausing worker.  Process memory: 6.97 GiB -- Worker memory limit: 7.45 GiB
2026-07-01 18:05:59,081 - distributed.worker.memory - WARNING - Worker is at 78% memory usage. Resuming worker. Process memory: 5.88 GiB -- Worker memory limit: 7.45 GiB
2026-07-01 18:06:01,845 - distributed.worker.memory - WARNING - Worker is at 80% memory usage. Pausing worker.  Process memory: 6.00 GiB -- Worker memory limit: 7.45 GiB
2026-07-01 18:06:02,588 - distributed.worker.memory - WARNING - Worker is at 76% memory usage. Resuming worker. Process memory: 5.70 GiB -- Worker memory limit: 7.45 GiB
2026-07-01 18:06:04,427 - distributed.worker.memory - WARNING - Worker is at 83% memory usage. Pausing worker.  Process memory: 6.25 GiB -- Worker memory limit: 7.45 GiB
2026-07-01 18:06:04,767 - distributed.worker.memory - WARNING - Worker is at 78% memory usage. Resuming worker. Process memory: 5.87 GiB -- Worker memory limit: 7.45 GiB
2026-07-01 18:06:36,526 - distributed.worker.memory - WARNING - Worker is at 80% memory usage. Pausing worker.  Process memory: 5.98 GiB -- Worker memory limit: 7.45 GiB
2026-07-01 18:06:36,762 - distributed.worker.memory - WARNING - Worker is at 77% memory usage. Resuming worker. Process memory: 5.77 GiB -- Worker memory limit: 7.45 GiB
2026-07-01 18:06:36,862 - distributed.worker.memory - WARNING - Worker is at 81% memory usage. Pausing worker.  Process memory: 6.04 GiB -- Worker memory limit: 7.45 GiB
2026-07-01 18:06:36,963 - distributed.worker.memory - WARNING - Worker is at 77% memory usage. Resuming worker. Process memory: 5.77 GiB -- Worker memory limit: 7.45 GiB
2026-07-01 18:06:37,063 - distributed.worker.memory - WARNING - Worker is at 80% memory usage. Pausing worker.  Process memory: 6.01 GiB -- Worker memory limit: 7.45 GiB
2026-07-01 18:06:37,185 - distributed.worker.memory - WARNING - Worker is at 70% memory usage. Resuming worker. Process memory: 5.26 GiB -- Worker memory limit: 7.45 GiB
2026-07-01 18:06:38,435 - distributed.worker.memory - WARNING - Worker is at 82% memory usage. Pausing worker.  Process memory: 6.14 GiB -- Worker memory limit: 7.45 GiB
2026-07-01 18:06:38,464 - distributed.worker.memory - WARNING - Worker is at 76% memory usage. Resuming worker. Process memory: 5.73 GiB -- Worker memory limit: 7.45 GiB
2026-07-01 18:06:39,163 - distributed.worker.memory - WARNING - Worker is at 82% memory usage. Pausing worker.  Process memory: 6.15 GiB -- Worker memory limit: 7.45 GiB
2026-07-01 18:06:39,306 - distributed.worker.memory - WARNING - Worker is at 73% memory usage. Resuming worker. Process memory: 5.47 GiB -- Worker memory limit: 7.45 GiB
2026-07-01 18:06:41,378 - distributed.worker.memory - WARNING - Worker is at 82% memory usage. Pausing worker.  Process memory: 6.15 GiB -- Worker memory limit: 7.45 GiB
2026-07-01 18:06:41,733 - distributed.worker.memory - WARNING - Worker is at 66% memory usage. Resuming worker. Process memory: 4.96 GiB -- Worker memory limit: 7.45 GiB
2026-07-01 18:06:43,054 - distributed.worker.memory - WARNING - Worker is at 83% memory usage. Pausing worker.  Process memory: 6.25 GiB -- Worker memory limit: 7.45 GiB
2026-07-01 18:06:43,411 - distributed.worker.memory - WARNING - Worker is at 77% memory usage. Resuming worker. Process memory: 5.79 GiB -- Worker memory limit: 7.45 GiB
2026-07-01 18:07:19,852 - distributed.worker.memory - WARNING - Worker is at 82% memory usage. Pausing worker.  Process memory: 6.16 GiB -- Worker memory limit: 7.45 GiB
2026-07-01 18:07:20,062 - distributed.worker.memory - WARNING - Worker is at 78% memory usage. Resuming worker. Process memory: 5.83 GiB -- Worker memory limit: 7.45 GiB
2026-07-01 18:07:20,162 - distributed.worker.memory - WARNING - Worker is at 81% memory usage. Pausing worker.  Process memory: 6.09 GiB -- Worker memory limit: 7.45 GiB
2026-07-01 18:07:20,263 - distributed.worker.memory - WARNING - Worker is at 78% memory usage. Resuming worker. Process memory: 5.83 GiB -- Worker memory limit: 7.45 GiB
2026-07-01 18:07:20,363 - distributed.worker.memory - WARNING - Worker is at 81% memory usage. Pausing worker.  Process memory: 6.08 GiB -- Worker memory limit: 7.45 GiB
2026-07-01 18:07:20,500 - distributed.worker.memory - WARNING - Worker is at 72% memory usage. Resuming worker. Process memory: 5.37 GiB -- Worker memory limit: 7.45 GiB
2026-07-01 18:07:21,439 - distributed.worker.memory - WARNING - Worker is at 80% memory usage. Pausing worker.  Process memory: 5.99 GiB -- Worker memory limit: 7.45 GiB
2026-07-01 18:07:22,148 - distributed.worker.memory - WARNING - Worker is at 74% memory usage. Resuming worker. Process memory: 5.52 GiB -- Worker memory limit: 7.45 GiB
2026-07-01 18:07:22,953 - distributed.worker.memory - WARNING - Worker is at 83% memory usage. Pausing worker.  Process memory: 6.19 GiB -- Worker memory limit: 7.45 GiB
2026-07-01 18:07:23,275 - distributed.worker.memory - WARNING - Worker is at 79% memory usage. Resuming worker. Process memory: 5.95 GiB -- Worker memory limit: 7.45 GiB
2026-07-01 18:07:26,164 - distributed.worker.memory - WARNING - Worker is at 80% memory usage. Pausing worker.  Process memory: 6.00 GiB -- Worker memory limit: 7.45 GiB
2026-07-01 18:07:26,570 - distributed.worker.memory - WARNING - Worker is at 72% memory usage. Resuming worker. Process memory: 5.41 GiB -- Worker memory limit: 7.45 GiB
2026-07-01 18:07:28,660 - distributed.worker.memory - WARNING - Worker is at 82% memory usage. Pausing worker.  Process memory: 6.17 GiB -- Worker memory limit: 7.45 GiB
2026-07-01 18:07:29,542 - distributed.worker.memory - WARNING - Worker is at 65% memory usage. Resuming worker. Process memory: 4.89 GiB -- Worker memory limit: 7.45 GiB
2026-07-01 18:07:31,903 - distributed.worker.memory - WARNING - Worker is at 83% memory usage. Pausing worker.  Process memory: 6.21 GiB -- Worker memory limit: 7.45 GiB
2026-07-01 18:07:32,254 - distributed.worker.memory - WARNING - Worker is at 67% memory usage. Resuming worker. Process memory: 5.04 GiB -- Worker memory limit: 7.45 GiB
2026-07-01 18:07:36,156 - distributed.worker.memory - WARNING - Worker is at 80% memory usage. Pausing worker.  Process memory: 5.97 GiB -- Worker memory limit: 7.45 GiB
2026-07-01 18:07:36,630 - distributed.worker.memory - WARNING - Worker is at 71% memory usage. Resuming worker. Process memory: 5.30 GiB -- Worker memory limit: 7.45 GiB
/leonardo/pub/userexternal/ggiulian/local/lib/python3.13/site-packages/dask/_task_spec.py:767: FutureWarning: Usage of 'use_cftime' as a kwarg is deprecated. Please pass a 'CFDatetimeCoder' instance initialized with 'use_cftime' to the 'decode_times' kwarg instead.
Example usage:
    time_coder = xr.coders.CFDatetimeCoder(use_cftime=True)
    ds = xr.open_dataset(decode_times=time_coder)

  return self.func(*new_argspec, **kwargs)
/leonardo/pub/userexternal/ggiulian/local/lib/python3.13/site-packages/dask/_task_spec.py:767: FutureWarning: Usage of 'use_cftime' as a kwarg is deprecated. Please pass a 'CFDatetimeCoder' instance initialized with 'use_cftime' to the 'decode_times' kwarg instead.
Example usage:
    time_coder = xr.coders.CFDatetimeCoder(use_cftime=True)
    ds = xr.open_dataset(decode_times=time_coder)

  return self.func(*new_argspec, **kwargs)
/leonardo/pub/userexternal/ggiulian/local/lib/python3.13/site-packages/dask/_task_spec.py:767: FutureWarning: Usage of 'use_cftime' as a kwarg is deprecated. Please pass a 'CFDatetimeCoder' instance initialized with 'use_cftime' to the 'decode_times' kwarg instead.
Example usage:
    time_coder = xr.coders.CFDatetimeCoder(use_cftime=True)
    ds = xr.open_dataset(decode_times=time_coder)

  return self.func(*new_argspec, **kwargs)
/leonardo/pub/userexternal/ggiulian/local/lib/python3.13/site-packages/dask/_task_spec.py:767: FutureWarning: Usage of 'use_cftime' as a kwarg is deprecated. Please pass a 'CFDatetimeCoder' instance initialized with 'use_cftime' to the 'decode_times' kwarg instead.
Example usage:
    time_coder = xr.coders.CFDatetimeCoder(use_cftime=True)
    ds = xr.open_dataset(decode_times=time_coder)

  return self.func(*new_argspec, **kwargs)
/leonardo/pub/userexternal/ggiulian/local/lib/python3.13/site-packages/dask/_task_spec.py:767: FutureWarning: Usage of 'use_cftime' as a kwarg is deprecated. Please pass a 'CFDatetimeCoder' instance initialized with 'use_cftime' to the 'decode_times' kwarg instead.
Example usage:
    time_coder = xr.coders.CFDatetimeCoder(use_cftime=True)
    ds = xr.open_dataset(decode_times=time_coder)

  return self.func(*new_argspec, **kwargs)
/leonardo/pub/userexternal/ggiulian/local/lib/python3.13/site-packages/dask/_task_spec.py:767: FutureWarning: Usage of 'use_cftime' as a kwarg is deprecated. Please pass a 'CFDatetimeCoder' instance initialized with 'use_cftime' to the 'decode_times' kwarg instead.
Example usage:
    time_coder = xr.coders.CFDatetimeCoder(use_cftime=True)
    ds = xr.open_dataset(decode_times=time_coder)

  return self.func(*new_argspec, **kwargs)
2026-07-01 18:08:21,990 - distributed.worker.memory - WARNING - Unmanaged memory use is high. This may indicate a memory leak or the memory may not be released to the OS; see https://distributed.dask.org/en/latest/worker-memory.html#memory-not-released-back-to-the-os for more information. -- Unmanaged memory: 5.31 GiB -- Worker memory limit: 7.45 GiB
2026-07-01 18:08:58,555 - distributed.worker.memory - WARNING - Worker is at 80% memory usage. Pausing worker.  Process memory: 6.02 GiB -- Worker memory limit: 7.45 GiB
2026-07-01 18:08:58,759 - distributed.worker.memory - WARNING - Worker is at 73% memory usage. Resuming worker. Process memory: 5.50 GiB -- Worker memory limit: 7.45 GiB
2026-07-01 18:08:58,955 - distributed.worker.memory - WARNING - Worker is at 80% memory usage. Pausing worker.  Process memory: 6.00 GiB -- Worker memory limit: 7.45 GiB
2026-07-01 18:08:59,055 - distributed.worker.memory - WARNING - Worker is at 76% memory usage. Resuming worker. Process memory: 5.70 GiB -- Worker memory limit: 7.45 GiB
2026-07-01 18:09:38,891 - distributed.worker.memory - WARNING - Worker is at 84% memory usage. Pausing worker.  Process memory: 6.33 GiB -- Worker memory limit: 7.45 GiB
2026-07-01 18:09:39,299 - distributed.worker.memory - WARNING - Worker is at 72% memory usage. Resuming worker. Process memory: 5.43 GiB -- Worker memory limit: 7.45 GiB
2026-07-01 18:10:18,360 - distributed.worker.memory - WARNING - Worker is at 84% memory usage. Pausing worker.  Process memory: 6.29 GiB -- Worker memory limit: 7.45 GiB
2026-07-01 18:10:18,710 - distributed.worker.memory - WARNING - Worker is at 75% memory usage. Resuming worker. Process memory: 5.64 GiB -- Worker memory limit: 7.45 GiB
2026-07-01 18:10:20,195 - distributed.worker.memory - WARNING - Worker is at 81% memory usage. Pausing worker.  Process memory: 6.07 GiB -- Worker memory limit: 7.45 GiB
2026-07-01 18:10:20,676 - distributed.worker.memory - WARNING - Worker is at 72% memory usage. Resuming worker. Process memory: 5.41 GiB -- Worker memory limit: 7.45 GiB
2026-07-01 18:10:24,915 - distributed.worker.memory - WARNING - Worker is at 83% memory usage. Pausing worker.  Process memory: 6.23 GiB -- Worker memory limit: 7.45 GiB
2026-07-01 18:10:25,366 - distributed.worker.memory - WARNING - Worker is at 77% memory usage. Resuming worker. Process memory: 5.76 GiB -- Worker memory limit: 7.45 GiB
2026-07-01 18:10:27,619 - distributed.worker.memory - WARNING - Worker is at 85% memory usage. Pausing worker.  Process memory: 6.40 GiB -- Worker memory limit: 7.45 GiB
2026-07-01 18:10:27,987 - distributed.worker.memory - WARNING - Worker is at 70% memory usage. Resuming worker. Process memory: 5.28 GiB -- Worker memory limit: 7.45 GiB
2026-07-01 18:10:29,687 - distributed.worker.memory - WARNING - Worker is at 81% memory usage. Pausing worker.  Process memory: 6.04 GiB -- Worker memory limit: 7.45 GiB
2026-07-01 18:10:30,091 - distributed.worker.memory - WARNING - Worker is at 79% memory usage. Resuming worker. Process memory: 5.95 GiB -- Worker memory limit: 7.45 GiB
2026-07-01 18:10:36,274 - distributed.worker.memory - WARNING - Worker is at 82% memory usage. Pausing worker.  Process memory: 6.12 GiB -- Worker memory limit: 7.45 GiB
2026-07-01 18:10:36,640 - distributed.worker.memory - WARNING - Worker is at 75% memory usage. Resuming worker. Process memory: 5.59 GiB -- Worker memory limit: 7.45 GiB
